1782962136400	geckodriver	INFO	Listening on 127.0.0.1:49677
1782962139500	mozrunner::runner	INFO	Running command: "C:\\Program Files\\Mozilla Firefox\\firefox.exe" "--marionette" "-profile" "C:\\Users\\ESHAAN\\AppData\\Roa ... irefox\\Profiles\\kw3a25lf.default-release" "--remote-debugging-port" "49678" "--remote-allow-hosts" "localhost" "-no-remote"
1782962203959	geckodriver	INFO	Listening on 127.0.0.1:49761
1782962207014	mozrunner::runner	INFO	Running command: "C:\\Program Files\\Mozilla Firefox\\firefox.exe" "--marionette" "-profile" "C:\\Users\\ESHAAN\\AppData\\Roa ... irefox\\Profiles\\kw3a25lf.default-release" "--remote-debugging-port" "49762" "--remote-allow-hosts" "localhost" "-no-remote"
Read port: 49698
1782962207355	Marionette	INFO	Marionette enabled
1782962207391	Marionette	INFO	Listening on port 49771
WebDriver BiDi listening on ws://127.0.0.1:49762
[ERROR shell_windows::limited_access_features] Error generating feature token: NS_ERROR_FAILURE
1782962208099	FirefoxAccounts	ERROR	error POSTing /oauth/token: {"error":{},"errorString":"[Exception... \"NS_ERROR_UNKNOWN_HOST\"  nsresult: \"0x804b001e (NS_ERROR_UNKNOWN_HOST)\"  location: \"JS frame :: resource://services-common/rest.sys.mjs :: onStopRequest :: line 478\"  data: no]","message":null,"code":null,"errno":null}
1782962208099	FirefoxAccounts	ERROR	Background refresh of profile failed: {"error":{},"errorString":"[Exception... \"NS_ERROR_UNKNOWN_HOST\"  nsresult: \"0x804b001e (NS_ERROR_UNKNOWN_HOST)\"  location: \"JS frame :: resource://services-common/rest.sys.mjs :: onStopRequest :: line 478\"  data: no]","message":null,"code":null,"errno":null}
1782962208301	FirefoxAccounts	ERROR	error GETing /account/attached_clients: {"error":{},"errorString":"[Exception... \"NS_ERROR_UNKNOWN_HOST\"  nsresult: \"0x804b001e (NS_ERROR_UNKNOWN_HOST)\"  location: \"JS frame :: resource://services-common/rest.sys.mjs :: onStopRequest :: line 478\"  data: no]","message":null,"code":null,"errno":null}
1782962208302	FirefoxAccounts	ERROR	Could not update attached clients list : {"error":{},"errorString":"[Exception... \"NS_ERROR_UNKNOWN_HOST\"  nsresult: \"0x804b001e (NS_ERROR_UNKNOWN_HOST)\"  location: \"JS frame :: resource://services-common/rest.sys.mjs :: onStopRequest :: line 478\"  data: no]","message":null,"code":null,"errno":null}
1782962208324	FirefoxAccounts	ERROR	error GETing /account/attached_clients: {"error":{},"errorString":"[Exception... \"NS_ERROR_UNKNOWN_HOST\"  nsresult: \"0x804b001e (NS_ERROR_UNKNOWN_HOST)\"  location: \"JS frame :: resource://services-common/rest.sys.mjs :: onStopRequest :: line 478\"  data: no]","message":null,"code":null,"errno":null}
1782962208324	FirefoxAccounts	ERROR	Could not update attached clients list : {"error":{},"errorString":"[Exception... \"NS_ERROR_UNKNOWN_HOST\"  nsresult: \"0x804b001e (NS_ERROR_UNKNOWN_HOST)\"  location: \"JS frame :: resource://services-common/rest.sys.mjs :: onStopRequest :: line 478\"  data: no]","message":null,"code":null,"errno":null}
1782962208327	FirefoxAccounts	ERROR	error GETing /account/attached_clients: {"error":{},"errorString":"[Exception... \"NS_ERROR_UNKNOWN_HOST\"  nsresult: \"0x804b001e (NS_ERROR_UNKNOWN_HOST)\"  location: \"JS frame :: resource://services-common/rest.sys.mjs :: onStopRequest :: line 478\"  data: no]","message":null,"code":null,"errno":null}
1782962208327	FirefoxAccounts	ERROR	Could not update attached clients list : {"error":{},"errorString":"[Exception... \"NS_ERROR_UNKNOWN_HOST\"  nsresult: \"0x804b001e (NS_ERROR_UNKNOWN_HOST)\"  location: \"JS frame :: resource://services-common/rest.sys.mjs :: onStopRequest :: line 478\"  data: no]","message":null,"code":null,"errno":null}
1782962208329	FirefoxAccounts	ERROR	error GETing /account/attached_clients: {"error":{},"errorString":"[Exception... \"NS_ERROR_UNKNOWN_HOST\"  nsresult: \"0x804b001e (NS_ERROR_UNKNOWN_HOST)\"  location: \"JS frame :: resource://services-common/rest.sys.mjs :: onStopRequest :: line 478\"  data: no]","message":null,"code":null,"errno":null}
1782962208329	FirefoxAccounts	ERROR	Could not update attached clients list : {"error":{},"errorString":"[Exception... \"NS_ERROR_UNKNOWN_HOST\"  nsresult: \"0x804b001e (NS_ERROR_UNKNOWN_HOST)\"  location: \"JS frame :: resource://services-common/rest.sys.mjs :: onStopRequest :: line 478\"  data: no]","message":null,"code":null,"errno":null}
console.error: "Experiment visual-card-updates has unknown featureId: newtabRefinedCardsLayout"
console.error: "Experiment enable-nimbus-unenrollment-synchronization has unknown featureId: nimbusStore"
1782962208554	FirefoxAccounts	ERROR	error GETing /account/attached_clients: {"error":{},"errorString":"[Exception... \"NS_ERROR_UNKNOWN_HOST\"  nsresult: \"0x804b001e (NS_ERROR_UNKNOWN_HOST)\"  location: \"JS frame :: resource://services-common/rest.sys.mjs :: onStopRequest :: line 478\"  data: no]","message":null,"code":null,"errno":null}
1782962208554	FirefoxAccounts	ERROR	Could not update attached clients list : {"error":{},"errorString":"[Exception... \"NS_ERROR_UNKNOWN_HOST\"  nsresult: \"0x804b001e (NS_ERROR_UNKNOWN_HOST)\"  location: \"JS frame :: resource://services-common/rest.sys.mjs :: onStopRequest :: line 478\"  data: no]","message":null,"code":null,"errno":null}
1782962208555	FirefoxAccounts	ERROR	error GETing /account/devices?filterIdleDevicesTimestamp=1781147808543: {"error":{},"errorString":"[Exception... \"NS_ERROR_UNKNOWN_HOST\"  nsresult: \"0x804b001e (NS_ERROR_UNKNOWN_HOST)\"  location: \"JS frame :: resource://services-common/rest.sys.mjs :: onStopRequest :: line 478\"  data: no]","message":null,"code":null,"errno":null}
1782962208556	Sync.Browser	ERROR	Refreshing device list failed.: {"error":{},"errorString":"[Exception... \"NS_ERROR_UNKNOWN_HOST\"  nsresult: \"0x804b001e (NS_ERROR_UNKNOWN_HOST)\"  location: \"JS frame :: resource://services-common/rest.sys.mjs :: onStopRequest :: line 478\"  data: no]","message":null,"code":null,"errno":null}
1782962208557	FirefoxAccounts	ERROR	error POSTing /oauth/token: {"error":{},"errorString":"[Exception... \"NS_ERROR_UNKNOWN_HOST\"  nsresult: \"0x804b001e (NS_ERROR_UNKNOWN_HOST)\"  location: \"JS frame :: resource://services-common/rest.sys.mjs :: onStopRequest :: line 478\"  data: no]","message":null,"code":null,"errno":null}
1782962208557	FirefoxAccounts	ERROR	FxA rejecting with error UNKNOWN_ERROR, details: {"error":{},"errorString":"[Exception... \"NS_ERROR_UNKNOWN_HOST\"  nsresult: \"0x804b001e (NS_ERROR_UNKNOWN_HOST)\"  location: \"JS frame :: resource://services-common/rest.sys.mjs :: onStopRequest :: line 478\"  data: no]","message":null,"code":null,"errno":null}
1782962208557	Sync.SyncAuthManager	ERROR	Non-authentication error in _fetchTokenForUser: Error: UNKNOWN_ERROR(resource://gre/modules/FxAccounts.sys.mjs:1455:18) JS Stack trace: _error@FxAccounts.sys.mjs:1455:18
_errorToErrorClass@FxAccounts.sys.mjs:1438:17
getOAuthToken@FxAccounts.sys.mjs:505:28
1782962208558	Sync.ErrorHandler	ERROR	Sync encountered a login error
1782962208569	FirefoxAccounts	ERROR	error GETing /account/attached_clients: {"error":{},"errorString":"[Exception... \"NS_ERROR_UNKNOWN_HOST\"  nsresult: \"0x804b001e (NS_ERROR_UNKNOWN_HOST)\"  location: \"JS frame :: resource://services-common/rest.sys.mjs :: onStopRequest :: line 478\"  data: no]","message":null,"code":null,"errno":null}
1782962208569	FirefoxAccounts	ERROR	Could not update attached clients list : {"error":{},"errorString":"[Exception... \"NS_ERROR_UNKNOWN_HOST\"  nsresult: \"0x804b001e (NS_ERROR_UNKNOWN_HOST)\"  location: \"JS frame :: resource://services-common/rest.sys.mjs :: onStopRequest :: line 478\"  data: no]","message":null,"code":null,"errno":null}
1782962208569	FirefoxAccounts	ERROR	error GETing /account/devices?filterIdleDevicesTimestamp=1781147808560: {"error":{},"errorString":"[Exception... \"NS_ERROR_UNKNOWN_HOST\"  nsresult: \"0x804b001e (NS_ERROR_UNKNOWN_HOST)\"  location: \"JS frame :: resource://services-common/rest.sys.mjs :: onStopRequest :: line 478\"  data: no]","message":null,"code":null,"errno":null}
1782962208569	Sync.Browser	ERROR	Refreshing device list failed.: {"error":{},"errorString":"[Exception... \"NS_ERROR_UNKNOWN_HOST\"  nsresult: \"0x804b001e (NS_ERROR_UNKNOWN_HOST)\"  location: \"JS frame :: resource://services-common/rest.sys.mjs :: onStopRequest :: line 478\"  data: no]","message":null,"code":null,"errno":null}
1782962208570	Sync.Browser	ERROR	Refreshing device list failed.: {"error":{},"errorString":"[Exception... \"NS_ERROR_UNKNOWN_HOST\"  nsresult: \"0x804b001e (NS_ERROR_UNKNOWN_HOST)\"  location: \"JS frame :: resource://services-common/rest.sys.mjs :: onStopRequest :: line 478\"  data: no]","message":null,"code":null,"errno":null}
1782962208570	FirefoxAccounts	ERROR	error GETing /account/attached_clients: {"error":{},"errorString":"[Exception... \"NS_ERROR_UNKNOWN_HOST\"  nsresult: \"0x804b001e (NS_ERROR_UNKNOWN_HOST)\"  location: \"JS frame :: resource://services-common/rest.sys.mjs :: onStopRequest :: line 478\"  data: no]","message":null,"code":null,"errno":null}
1782962208570	FirefoxAccounts	ERROR	Could not update attached clients list : {"error":{},"errorString":"[Exception... \"NS_ERROR_UNKNOWN_HOST\"  nsresult: \"0x804b001e (NS_ERROR_UNKNOWN_HOST)\"  location: \"JS frame :: resource://services-common/rest.sys.mjs :: onStopRequest :: line 478\"  data: no]","message":null,"code":null,"errno":null}
1782962208674	FirefoxAccounts	ERROR	error GETing /account/attached_clients: {"error":{},"errorString":"[Exception... \"NS_ERROR_UNKNOWN_HOST\"  nsresult: \"0x804b001e (NS_ERROR_UNKNOWN_HOST)\"  location: \"JS frame :: resource://services-common/rest.sys.mjs :: onStopRequest :: line 478\"  data: no]","message":null,"code":null,"errno":null}
1782962208674	FirefoxAccounts	ERROR	Could not update attached clients list : {"error":{},"errorString":"[Exception... \"NS_ERROR_UNKNOWN_HOST\"  nsresult: \"0x804b001e (NS_ERROR_UNKNOWN_HOST)\"  location: \"JS frame :: resource://services-common/rest.sys.mjs :: onStopRequest :: line 478\"  data: no]","message":null,"code":null,"errno":null}
1782962208675	FirefoxAccounts	ERROR	error GETing /account/devices?filterIdleDevicesTimestamp=1781147808671: {"error":{},"errorString":"[Exception... \"NS_ERROR_UNKNOWN_HOST\"  nsresult: \"0x804b001e (NS_ERROR_UNKNOWN_HOST)\"  location: \"JS frame :: resource://services-common/rest.sys.mjs :: onStopRequest :: line 478\"  data: no]","message":null,"code":null,"errno":null}
1782962208675	Sync.Browser	ERROR	Refreshing device list failed.: {"error":{},"errorString":"[Exception... \"NS_ERROR_UNKNOWN_HOST\"  nsresult: \"0x804b001e (NS_ERROR_UNKNOWN_HOST)\"  location: \"JS frame :: resource://services-common/rest.sys.mjs :: onStopRequest :: line 478\"  data: no]","message":null,"code":null,"errno":null}
console.error: "Sync encountered an error - see about:sync-log for the log file."
Read port: 49771
1782962209195	RemoteAgent	WARN	TLS certificate errors will be ignored for this session
1782962209359	FirefoxAccounts	ERROR	error GETing /account/attached_clients: {"error":{},"errorString":"[Exception... \"NS_ERROR_UNKNOWN_HOST\"  nsresult: \"0x804b001e (NS_ERROR_UNKNOWN_HOST)\"  location: \"JS frame :: resource://services-common/rest.sys.mjs :: onStopRequest :: line 478\"  data: no]","message":null,"code":null,"errno":null}
1782962209359	FirefoxAccounts	ERROR	Could not update attached clients list : {"error":{},"errorString":"[Exception... \"NS_ERROR_UNKNOWN_HOST\"  nsresult: \"0x804b001e (NS_ERROR_UNKNOWN_HOST)\"  location: \"JS frame :: resource://services-common/rest.sys.mjs :: onStopRequest :: line 478\"  data: no]","message":null,"code":null,"errno":null}
JavaScript warning: https://img1a.flixcart.com/fk-sp-static/scripts/nr-script.js, line 1885: Script terminated by timeout at:
nrWrapper@https://img1a.flixcart.com/fk-sp-static/scripts/nr-script.js:1885:33

1782962210748	Marionette	INFO	Stopped listening on port 49771
JavaScript warning: https://www.gstatic.com/recaptcha/releases/TnA7HacJFoBWt9hnlunBlYfK/recaptcha__en.js, line 756: Script terminated by timeout at:
E<@https://www.gstatic.com/recaptcha/releases/TnA7HacJFoBWt9hnlunBlYfK/recaptcha__en.js:756:353
Kf@https://www.gstatic.com/recaptcha/releases/TnA7HacJFoBWt9hnlunBlYfK/recaptcha__en.js:846:92
Q<@https://www.gstatic.com/recaptcha/releases/TnA7HacJFoBWt9hnlunBlYfK/recaptcha__en.js:377:196
T1@https://www.gstatic.com/recaptcha/releases/TnA7HacJFoBWt9hnlunBlYfK/recaptcha__en.js:948:388
F<@https://www.gstatic.com/recaptcha/releases/TnA7HacJFoBWt9hnlunBlYfK/recaptcha__en.js:301:245
b<@https://www.gstatic.com/recaptcha/releases/TnA7HacJFoBWt9hnlunBlYfK/recaptcha__en.js:389:324
Bv<@https://www.gstatic.com/recaptcha/releases/TnA7HacJFoBWt9hnlunBlYfK/recaptcha__en.js:1514:405
B<@https://www.gstatic.com/recaptcha/releases/TnA7HacJFoBWt9hnlunBlYfK/recaptcha__en.js:458:190
Q</this.next@https://www.gstatic.com/recaptcha/releases/TnA7HacJFoBWt9hnlunBlYfK/recaptcha__en.js:359:146
Q</K<@https://www.gstatic.com/recaptcha/releases/TnA7HacJFoBWt9hnlunBlYfK/recaptcha__en.js:330:401
Q<@https://www.gstatic.com/recaptcha/releases/TnA7HacJFoBWt9hnlunBlYfK/recaptcha__en.js:330:294
F<@https://www.gstatic.com/recaptcha/releases/TnA7HacJFoBWt9hnlunBlYfK/recaptcha__en.js:301:235
@https://www.gstatic.com/recaptcha/releases/TnA7HacJFoBWt9hnlunBlYfK/recaptcha__en.js:1514:172
@https://www.gstatic.com/recaptcha/releases/TnA7HacJFoBWt9hnlunBlYfK/recaptcha__en.js:1524:333
B<@https://www.gstatic.com/recaptcha/releases/TnA7HacJFoBWt9hnlunBlYfK/recaptcha__en.js:458:190
Q</this.next@https://www.gstatic.com/recaptcha/releases/TnA7HacJFoBWt9hnlunBlYfK/recaptcha__en.js:359:146
Q</K<@https://www.gstatic.com/recaptcha/releases/TnA7HacJFoBWt9hnlunBlYfK/recaptcha__en.js:330:401
Q<@https://www.gstatic.com/recaptcha/releases/TnA7HacJFoBWt9hnlunBlYfK/recaptcha__en.js:330:294
F<@https://www.gstatic.com/recaptcha/releases/TnA7HacJFoBWt9hnlunBlYfK/recaptcha__en.js:301:235
@https://www.gstatic.com/recaptcha/releases/TnA7HacJFoBWt9hnlunBlYfK/recaptcha__en.js:1523:414
lN.Ic@https://www.gstatic.com/recaptcha/releases/TnA7HacJFoBWt9hnlunBlYfK/recaptcha__en.js:1288:464
lN.TR@https://www.gstatic.com/recaptcha/releases/TnA7HacJFoBWt9hnlunBlYfK/recaptcha__en.js:1289:395
@https://www.gstatic.com/recaptcha/releases/TnA7HacJFoBWt9hnlunBlYfK/recaptcha__en.js:1517:221
B<@https://www.gstatic.com/recaptcha/releases/TnA7HacJFoBWt9hnlunBlYfK/recaptcha__en.js:458:190
Q</this.next@https://www.gstatic.com/recaptcha/releases/TnA7HacJFoBWt9hnlunBlYfK/recaptcha__en.js:359:146
Q</K<@https://www.gstatic.com/recaptcha/releases/TnA7HacJFoBWt9hnlunBlYfK/recaptcha__en.js:330:401
Q<@https://www.gstatic.com/recaptcha/releases/TnA7HacJFoBWt9hnlunBlYfK/recaptcha__en.js:330:294
F<@https://www.gstatic.com/recaptcha/releases/TnA7HacJFoBWt9hnlunBlYfK/recaptcha__en.js:301:235
@https://www.gstatic.com/recaptcha/releases/TnA7HacJFoBWt9hnlunBlYfK/recaptcha__en.js:1517:177
oo<@https://www.gstatic.com/recaptcha/releases/TnA7HacJFoBWt9hnlunBlYfK/recaptcha__en.js:1547:177
@https://www.google.com/recaptcha/api2/anchor?ar=1&k=6LfDnUYpAAAAAF_kPdb9C3rYySOXia5UpPUyzk87&co=aHR0cHM6Ly9zZWxsZXIuZmxpcGthcnQuY29tOjQ0Mw..&hl=en&v=TnA7HacJFoBWt9hnlunBlYfK&size=invisible&anchor-ms=20000&execute-ms=30000&cb=xnnpuywgs4vi:258:29

Exiting due to channel error.
Exiting due to channel error.
Exiting due to channel error.
1783086614988	geckodriver	INFO	Listening on 127.0.0.1:52016
1783086618120	mozrunner::runner	INFO	Running command: "C:\\Program Files\\Mozilla Firefox\\firefox.exe" "--marionette" "-profile" "C:\\Users\\ESHAAN\\AppData\\Roa ... irefox\\Profiles\\kw3a25lf.default-release" "--remote-debugging-port" "52017" "--remote-allow-hosts" "localhost" "-no-remote"
1783086618365	Marionette	INFO	Marionette enabled
1783086618384	Marionette	INFO	Listening on port 52027
WebDriver BiDi listening on ws://127.0.0.1:52017
Read port: 52027
1783086618464	RemoteAgent	WARN	TLS certificate errors will be ignored for this session
[ERROR shell_windows::limited_access_features] Error generating feature token: NS_ERROR_FAILURE
1783086619237	FirefoxAccounts	ERROR	error POSTing /oauth/token: {"error":{},"errorString":"[Exception... \"NS_ERROR_UNKNOWN_HOST\"  nsresult: \"0x804b001e (NS_ERROR_UNKNOWN_HOST)\"  location: \"JS frame :: resource://services-common/rest.sys.mjs :: onStopRequest :: line 478\"  data: no]","message":null,"code":null,"errno":null}
1783086619238	FirefoxAccounts	ERROR	Background refresh of profile failed: {"error":{},"errorString":"[Exception... \"NS_ERROR_UNKNOWN_HOST\"  nsresult: \"0x804b001e (NS_ERROR_UNKNOWN_HOST)\"  location: \"JS frame :: resource://services-common/rest.sys.mjs :: onStopRequest :: line 478\"  data: no]","message":null,"code":null,"errno":null}
1783086619404	FirefoxAccounts	ERROR	error GETing /account/attached_clients: {"error":{},"errorString":"[Exception... \"NS_ERROR_UNKNOWN_HOST\"  nsresult: \"0x804b001e (NS_ERROR_UNKNOWN_HOST)\"  location: \"JS frame :: resource://services-common/rest.sys.mjs :: onStopRequest :: line 478\"  data: no]","message":null,"code":null,"errno":null}
1783086619405	FirefoxAccounts	ERROR	Could not update attached clients list : {"error":{},"errorString":"[Exception... \"NS_ERROR_UNKNOWN_HOST\"  nsresult: \"0x804b001e (NS_ERROR_UNKNOWN_HOST)\"  location: \"JS frame :: resource://services-common/rest.sys.mjs :: onStopRequest :: line 478\"  data: no]","message":null,"code":null,"errno":null}
1783086619427	FirefoxAccounts	ERROR	error GETing /account/attached_clients: {"error":{},"errorString":"[Exception... \"NS_ERROR_UNKNOWN_HOST\"  nsresult: \"0x804b001e (NS_ERROR_UNKNOWN_HOST)\"  location: \"JS frame :: resource://services-common/rest.sys.mjs :: onStopRequest :: line 478\"  data: no]","message":null,"code":null,"errno":null}
1783086619427	FirefoxAccounts	ERROR	Could not update attached clients list : {"error":{},"errorString":"[Exception... \"NS_ERROR_UNKNOWN_HOST\"  nsresult: \"0x804b001e (NS_ERROR_UNKNOWN_HOST)\"  location: \"JS frame :: resource://services-common/rest.sys.mjs :: onStopRequest :: line 478\"  data: no]","message":null,"code":null,"errno":null}
1783086619431	FirefoxAccounts	ERROR	error GETing /account/attached_clients: {"error":{},"errorString":"[Exception... \"NS_ERROR_UNKNOWN_HOST\"  nsresult: \"0x804b001e (NS_ERROR_UNKNOWN_HOST)\"  location: \"JS frame :: resource://services-common/rest.sys.mjs :: onStopRequest :: line 478\"  data: no]","message":null,"code":null,"errno":null}
1783086619431	FirefoxAccounts	ERROR	Could not update attached clients list : {"error":{},"errorString":"[Exception... \"NS_ERROR_UNKNOWN_HOST\"  nsresult: \"0x804b001e (NS_ERROR_UNKNOWN_HOST)\"  location: \"JS frame :: resource://services-common/rest.sys.mjs :: onStopRequest :: line 478\"  data: no]","message":null,"code":null,"errno":null}
1783086619433	FirefoxAccounts	ERROR	error GETing /account/attached_clients: {"error":{},"errorString":"[Exception... \"NS_ERROR_UNKNOWN_HOST\"  nsresult: \"0x804b001e (NS_ERROR_UNKNOWN_HOST)\"  location: \"JS frame :: resource://services-common/rest.sys.mjs :: onStopRequest :: line 478\"  data: no]","message":null,"code":null,"errno":null}
1783086619433	FirefoxAccounts	ERROR	Could not update attached clients list : {"error":{},"errorString":"[Exception... \"NS_ERROR_UNKNOWN_HOST\"  nsresult: \"0x804b001e (NS_ERROR_UNKNOWN_HOST)\"  location: \"JS frame :: resource://services-common/rest.sys.mjs :: onStopRequest :: line 478\"  data: no]","message":null,"code":null,"errno":null}
console.error: "Experiment visual-card-updates has unknown featureId: newtabRefinedCardsLayout"
console.error: "Experiment enable-nimbus-unenrollment-synchronization has unknown featureId: nimbusStore"
1783086619524	FirefoxAccounts	ERROR	error POSTing /oauth/token: {"error":{},"errorString":"[Exception... \"NS_ERROR_UNKNOWN_HOST\"  nsresult: \"0x804b001e (NS_ERROR_UNKNOWN_HOST)\"  location: \"JS frame :: resource://services-common/rest.sys.mjs :: onStopRequest :: line 478\"  data: no]","message":null,"code":null,"errno":null}
1783086619524	FirefoxAccounts	ERROR	FxA rejecting with error UNKNOWN_ERROR, details: {"error":{},"errorString":"[Exception... \"NS_ERROR_UNKNOWN_HOST\"  nsresult: \"0x804b001e (NS_ERROR_UNKNOWN_HOST)\"  location: \"JS frame :: resource://services-common/rest.sys.mjs :: onStopRequest :: line 478\"  data: no]","message":null,"code":null,"errno":null}
1783086619524	Sync.SyncAuthManager	ERROR	Non-authentication error in _fetchTokenForUser: Error: UNKNOWN_ERROR(resource://gre/modules/FxAccounts.sys.mjs:1455:18) JS Stack trace: _error@FxAccounts.sys.mjs:1455:18
_errorToErrorClass@FxAccounts.sys.mjs:1438:17
getOAuthToken@FxAccounts.sys.mjs:505:28
1783086619524	Sync.ErrorHandler	ERROR	Sync encountered a login error
1783086619692	FirefoxAccounts	ERROR	error GETing /account/attached_clients: {"error":{},"errorString":"[Exception... \"NS_ERROR_UNKNOWN_HOST\"  nsresult: \"0x804b001e (NS_ERROR_UNKNOWN_HOST)\"  location: \"JS frame :: resource://services-common/rest.sys.mjs :: onStopRequest :: line 478\"  data: no]","message":null,"code":null,"errno":null}
1783086619692	FirefoxAccounts	ERROR	Could not update attached clients list : {"error":{},"errorString":"[Exception... \"NS_ERROR_UNKNOWN_HOST\"  nsresult: \"0x804b001e (NS_ERROR_UNKNOWN_HOST)\"  location: \"JS frame :: resource://services-common/rest.sys.mjs :: onStopRequest :: line 478\"  data: no]","message":null,"code":null,"errno":null}
1783086619692	FirefoxAccounts	ERROR	error GETing /account/devices?filterIdleDevicesTimestamp=1781272219687: {"error":{},"errorString":"[Exception... \"NS_ERROR_UNKNOWN_HOST\"  nsresult: \"0x804b001e (NS_ERROR_UNKNOWN_HOST)\"  location: \"JS frame :: resource://services-common/rest.sys.mjs :: onStopRequest :: line 478\"  data: no]","message":null,"code":null,"errno":null}
1783086619692	Sync.Browser	ERROR	Refreshing device list failed.: {"error":{},"errorString":"[Exception... \"NS_ERROR_UNKNOWN_HOST\"  nsresult: \"0x804b001e (NS_ERROR_UNKNOWN_HOST)\"  location: \"JS frame :: resource://services-common/rest.sys.mjs :: onStopRequest :: line 478\"  data: no]","message":null,"code":null,"errno":null}
console.error: "Sync encountered an error - see about:sync-log for the log file."
1783086619928	FirefoxAccounts	ERROR	error GETing /account/attached_clients: {"error":{},"errorString":"[Exception... \"NS_ERROR_UNKNOWN_HOST\"  nsresult: \"0x804b001e (NS_ERROR_UNKNOWN_HOST)\"  location: \"JS frame :: resource://services-common/rest.sys.mjs :: onStopRequest :: line 478\"  data: no]","message":null,"code":null,"errno":null}
1783086619928	FirefoxAccounts	ERROR	Could not update attached clients list : {"error":{},"errorString":"[Exception... \"NS_ERROR_UNKNOWN_HOST\"  nsresult: \"0x804b001e (NS_ERROR_UNKNOWN_HOST)\"  location: \"JS frame :: resource://services-common/rest.sys.mjs :: onStopRequest :: line 478\"  data: no]","message":null,"code":null,"errno":null}
1783086653051	RemoteAgent	WARN	TimedPromise timed out after 500 ms: stacktrace:
TimedPromise/<@chrome://remote/content/shared/Sync.sys.mjs:448:24
TimedPromise@chrome://remote/content/shared/Sync.sys.mjs:432:10
interaction.flushEventLoop@chrome://remote/content/marionette/interaction.sys.mjs:465:10
webdriverClickElement@chrome://remote/content/marionette/interaction.sys.mjs:218:33
1783086677928	RemoteAgent	WARN	TimedPromise timed out after 500 ms: stacktrace:
TimedPromise/<@chrome://remote/content/shared/Sync.sys.mjs:448:24
TimedPromise@chrome://remote/content/shared/Sync.sys.mjs:432:10
interaction.flushEventLoop@chrome://remote/content/marionette/interaction.sys.mjs:465:10
webdriverClickElement@chrome://remote/content/marionette/interaction.sys.mjs:218:33
1783086769953	Marionette	INFO	Stopped listening on port 52027
JavaScript warning: https://static-assets-web.flixcart.com/fk-sp-static/script/928.d0d19e2afbd359ea6e1e.js, line 2: Script terminated by timeout at:
p@https://static-assets-web.flixcart.com/fk-sp-static/script/928.d0d19e2afbd359ea6e1e.js:2:2248762

1783086771858	webdriver::server	INFO	Shutting down
1783086788888	geckodriver	INFO	Listening on 127.0.0.1:55572
1783086791991	mozrunner::runner	INFO	Running command: "C:\\Program Files\\Mozilla Firefox\\firefox.exe" "--marionette" "-profile" "C:\\Users\\ESHAAN\\AppData\\Roa ... irefox\\Profiles\\kw3a25lf.default-release" "--remote-debugging-port" "55573" "--remote-allow-hosts" "localhost" "-no-remote"
1783086792277	Marionette	INFO	Marionette enabled
1783086792296	Marionette	INFO	Listening on port 55581
WebDriver BiDi listening on ws://127.0.0.1:55573
Read port: 55581
1783086792535	RemoteAgent	WARN	TLS certificate errors will be ignored for this session
[ERROR shell_windows::limited_access_features] Error generating feature token: NS_ERROR_FAILURE
1783086793157	FirefoxAccounts	ERROR	error POSTing /oauth/token: {"error":{},"errorString":"[Exception... \"NS_ERROR_UNKNOWN_HOST\"  nsresult: \"0x804b001e (NS_ERROR_UNKNOWN_HOST)\"  location: \"JS frame :: resource://services-common/rest.sys.mjs :: onStopRequest :: line 478\"  data: no]","message":null,"code":null,"errno":null}
1783086793157	FirefoxAccounts	ERROR	Background refresh of profile failed: {"error":{},"errorString":"[Exception... \"NS_ERROR_UNKNOWN_HOST\"  nsresult: \"0x804b001e (NS_ERROR_UNKNOWN_HOST)\"  location: \"JS frame :: resource://services-common/rest.sys.mjs :: onStopRequest :: line 478\"  data: no]","message":null,"code":null,"errno":null}
1783086793291	FirefoxAccounts	ERROR	error GETing /account/attached_clients: {"error":{},"errorString":"[Exception... \"NS_ERROR_UNKNOWN_HOST\"  nsresult: \"0x804b001e (NS_ERROR_UNKNOWN_HOST)\"  location: \"JS frame :: resource://services-common/rest.sys.mjs :: onStopRequest :: line 478\"  data: no]","message":null,"code":null,"errno":null}
1783086793291	FirefoxAccounts	ERROR	Could not update attached clients list : {"error":{},"errorString":"[Exception... \"NS_ERROR_UNKNOWN_HOST\"  nsresult: \"0x804b001e (NS_ERROR_UNKNOWN_HOST)\"  location: \"JS frame :: resource://services-common/rest.sys.mjs :: onStopRequest :: line 478\"  data: no]","message":null,"code":null,"errno":null}
1783086793319	FirefoxAccounts	ERROR	error GETing /account/attached_clients: {"error":{},"errorString":"[Exception... \"NS_ERROR_UNKNOWN_HOST\"  nsresult: \"0x804b001e (NS_ERROR_UNKNOWN_HOST)\"  location: \"JS frame :: resource://services-common/rest.sys.mjs :: onStopRequest :: line 478\"  data: no]","message":null,"code":null,"errno":null}
1783086793319	FirefoxAccounts	ERROR	Could not update attached clients list : {"error":{},"errorString":"[Exception... \"NS_ERROR_UNKNOWN_HOST\"  nsresult: \"0x804b001e (NS_ERROR_UNKNOWN_HOST)\"  location: \"JS frame :: resource://services-common/rest.sys.mjs :: onStopRequest :: line 478\"  data: no]","message":null,"code":null,"errno":null}
1783086793320	FirefoxAccounts	ERROR	error GETing /account/attached_clients: {"error":{},"errorString":"[Exception... \"NS_ERROR_UNKNOWN_HOST\"  nsresult: \"0x804b001e (NS_ERROR_UNKNOWN_HOST)\"  location: \"JS frame :: resource://services-common/rest.sys.mjs :: onStopRequest :: line 478\"  data: no]","message":null,"code":null,"errno":null}
1783086793320	FirefoxAccounts	ERROR	Could not update attached clients list : {"error":{},"errorString":"[Exception... \"NS_ERROR_UNKNOWN_HOST\"  nsresult: \"0x804b001e (NS_ERROR_UNKNOWN_HOST)\"  location: \"JS frame :: resource://services-common/rest.sys.mjs :: onStopRequest :: line 478\"  data: no]","message":null,"code":null,"errno":null}
1783086793324	FirefoxAccounts	ERROR	error GETing /account/attached_clients: {"error":{},"errorString":"[Exception... \"NS_ERROR_UNKNOWN_HOST\"  nsresult: \"0x804b001e (NS_ERROR_UNKNOWN_HOST)\"  location: \"JS frame :: resource://services-common/rest.sys.mjs :: onStopRequest :: line 478\"  data: no]","message":null,"code":null,"errno":null}
1783086793324	FirefoxAccounts	ERROR	Could not update attached clients list : {"error":{},"errorString":"[Exception... \"NS_ERROR_UNKNOWN_HOST\"  nsresult: \"0x804b001e (NS_ERROR_UNKNOWN_HOST)\"  location: \"JS frame :: resource://services-common/rest.sys.mjs :: onStopRequest :: line 478\"  data: no]","message":null,"code":null,"errno":null}
console.error: "Experiment visual-card-updates has unknown featureId: newtabRefinedCardsLayout"
console.error: "Experiment enable-nimbus-unenrollment-synchronization has unknown featureId: nimbusStore"
1783086793451	FirefoxAccounts	ERROR	error POSTing /oauth/token: {"error":{},"errorString":"[Exception... \"NS_ERROR_UNKNOWN_HOST\"  nsresult: \"0x804b001e (NS_ERROR_UNKNOWN_HOST)\"  location: \"JS frame :: resource://services-common/rest.sys.mjs :: onStopRequest :: line 478\"  data: no]","message":null,"code":null,"errno":null}
1783086793451	FirefoxAccounts	ERROR	FxA rejecting with error UNKNOWN_ERROR, details: {"error":{},"errorString":"[Exception... \"NS_ERROR_UNKNOWN_HOST\"  nsresult: \"0x804b001e (NS_ERROR_UNKNOWN_HOST)\"  location: \"JS frame :: resource://services-common/rest.sys.mjs :: onStopRequest :: line 478\"  data: no]","message":null,"code":null,"errno":null}
1783086793452	Sync.SyncAuthManager	ERROR	Non-authentication error in _fetchTokenForUser: Error: UNKNOWN_ERROR(resource://gre/modules/FxAccounts.sys.mjs:1455:18) JS Stack trace: _error@FxAccounts.sys.mjs:1455:18
_errorToErrorClass@FxAccounts.sys.mjs:1438:17
getOAuthToken@FxAccounts.sys.mjs:505:28
1783086793452	Sync.ErrorHandler	ERROR	Sync encountered a login error
1783086793638	FirefoxAccounts	ERROR	error GETing /account/attached_clients: {"error":{},"errorString":"[Exception... \"NS_ERROR_UNKNOWN_HOST\"  nsresult: \"0x804b001e (NS_ERROR_UNKNOWN_HOST)\"  location: \"JS frame :: resource://services-common/rest.sys.mjs :: onStopRequest :: line 478\"  data: no]","message":null,"code":null,"errno":null}
1783086793638	FirefoxAccounts	ERROR	Could not update attached clients list : {"error":{},"errorString":"[Exception... \"NS_ERROR_UNKNOWN_HOST\"  nsresult: \"0x804b001e (NS_ERROR_UNKNOWN_HOST)\"  location: \"JS frame :: resource://services-common/rest.sys.mjs :: onStopRequest :: line 478\"  data: no]","message":null,"code":null,"errno":null}
1783086793638	FirefoxAccounts	ERROR	error GETing /account/devices?filterIdleDevicesTimestamp=1781272393635: {"error":{},"errorString":"[Exception... \"NS_ERROR_UNKNOWN_HOST\"  nsresult: \"0x804b001e (NS_ERROR_UNKNOWN_HOST)\"  location: \"JS frame :: resource://services-common/rest.sys.mjs :: onStopRequest :: line 478\"  data: no]","message":null,"code":null,"errno":null}
1783086793638	Sync.Browser	ERROR	Refreshing device list failed.: {"error":{},"errorString":"[Exception... \"NS_ERROR_UNKNOWN_HOST\"  nsresult: \"0x804b001e (NS_ERROR_UNKNOWN_HOST)\"  location: \"JS frame :: resource://services-common/rest.sys.mjs :: onStopRequest :: line 478\"  data: no]","message":null,"code":null,"errno":null}
console.error: "Sync encountered an error - see about:sync-log for the log file."
1783086793808	FirefoxAccounts	ERROR	error GETing /account/attached_clients: {"error":{},"errorString":"[Exception... \"NS_ERROR_UNKNOWN_HOST\"  nsresult: \"0x804b001e (NS_ERROR_UNKNOWN_HOST)\"  location: \"JS frame :: resource://services-common/rest.sys.mjs :: onStopRequest :: line 478\"  data: no]","message":null,"code":null,"errno":null}
1783086793808	FirefoxAccounts	ERROR	Could not update attached clients list : {"error":{},"errorString":"[Exception... \"NS_ERROR_UNKNOWN_HOST\"  nsresult: \"0x804b001e (NS_ERROR_UNKNOWN_HOST)\"  location: \"JS frame :: resource://services-common/rest.sys.mjs :: onStopRequest :: line 478\"  data: no]","message":null,"code":null,"errno":null}
1783086826786	RemoteAgent	WARN	TimedPromise timed out after 500 ms: stacktrace:
TimedPromise/<@chrome://remote/content/shared/Sync.sys.mjs:448:24
TimedPromise@chrome://remote/content/shared/Sync.sys.mjs:432:10
interaction.flushEventLoop@chrome://remote/content/marionette/interaction.sys.mjs:465:10
webdriverClickElement@chrome://remote/content/marionette/interaction.sys.mjs:218:33
1783086851684	RemoteAgent	WARN	TimedPromise timed out after 500 ms: stacktrace:
TimedPromise/<@chrome://remote/content/shared/Sync.sys.mjs:448:24
TimedPromise@chrome://remote/content/shared/Sync.sys.mjs:432:10
interaction.flushEventLoop@chrome://remote/content/marionette/interaction.sys.mjs:465:10
webdriverClickElement@chrome://remote/content/marionette/interaction.sys.mjs:218:33
1783086942146	webdriver::server	INFO	Shutting down
Exiting due to channel error.
Exiting due to channel error.
Exiting due to channel error.
Exiting due to channel error.
1783087123556	geckodriver	INFO	Listening on 127.0.0.1:49221
1783087126684	mozrunner::runner	INFO	Running command: "C:\\Program Files\\Mozilla Firefox\\firefox.exe" "--marionette" "-profile" "C:\\Users\\ESHAAN\\AppData\\Roa ... irefox\\Profiles\\kw3a25lf.default-release" "--remote-debugging-port" "49222" "--remote-allow-hosts" "localhost" "-no-remote"
Read port: 55581
1783087126932	Marionette	INFO	Marionette enabled
1783087126950	Marionette	INFO	Listening on port 49231
WebDriver BiDi listening on ws://127.0.0.1:49222
[ERROR shell_windows::limited_access_features] Error generating feature token: NS_ERROR_FAILURE
1783087127773	FirefoxAccounts	ERROR	error POSTing /oauth/token: {"error":{},"errorString":"[Exception... \"NS_ERROR_UNKNOWN_HOST\"  nsresult: \"0x804b001e (NS_ERROR_UNKNOWN_HOST)\"  location: \"JS frame :: resource://services-common/rest.sys.mjs :: onStopRequest :: line 478\"  data: no]","message":null,"code":null,"errno":null}
1783087127773	FirefoxAccounts	ERROR	Background refresh of profile failed: {"error":{},"errorString":"[Exception... \"NS_ERROR_UNKNOWN_HOST\"  nsresult: \"0x804b001e (NS_ERROR_UNKNOWN_HOST)\"  location: \"JS frame :: resource://services-common/rest.sys.mjs :: onStopRequest :: line 478\"  data: no]","message":null,"code":null,"errno":null}
1783087127915	FirefoxAccounts	ERROR	error GETing /account/attached_clients: {"error":{},"errorString":"[Exception... \"NS_ERROR_UNKNOWN_HOST\"  nsresult: \"0x804b001e (NS_ERROR_UNKNOWN_HOST)\"  location: \"JS frame :: resource://services-common/rest.sys.mjs :: onStopRequest :: line 478\"  data: no]","message":null,"code":null,"errno":null}
1783087127915	FirefoxAccounts	ERROR	Could not update attached clients list : {"error":{},"errorString":"[Exception... \"NS_ERROR_UNKNOWN_HOST\"  nsresult: \"0x804b001e (NS_ERROR_UNKNOWN_HOST)\"  location: \"JS frame :: resource://services-common/rest.sys.mjs :: onStopRequest :: line 478\"  data: no]","message":null,"code":null,"errno":null}
1783087127927	FirefoxAccounts	ERROR	error GETing /account/attached_clients: {"error":{},"errorString":"[Exception... \"NS_ERROR_UNKNOWN_HOST\"  nsresult: \"0x804b001e (NS_ERROR_UNKNOWN_HOST)\"  location: \"JS frame :: resource://services-common/rest.sys.mjs :: onStopRequest :: line 478\"  data: no]","message":null,"code":null,"errno":null}
1783087127927	FirefoxAccounts	ERROR	Could not update attached clients list : {"error":{},"errorString":"[Exception... \"NS_ERROR_UNKNOWN_HOST\"  nsresult: \"0x804b001e (NS_ERROR_UNKNOWN_HOST)\"  location: \"JS frame :: resource://services-common/rest.sys.mjs :: onStopRequest :: line 478\"  data: no]","message":null,"code":null,"errno":null}
1783087127931	FirefoxAccounts	ERROR	error GETing /account/attached_clients: {"error":{},"errorString":"[Exception... \"NS_ERROR_UNKNOWN_HOST\"  nsresult: \"0x804b001e (NS_ERROR_UNKNOWN_HOST)\"  location: \"JS frame :: resource://services-common/rest.sys.mjs :: onStopRequest :: line 478\"  data: no]","message":null,"code":null,"errno":null}
1783087127931	FirefoxAccounts	ERROR	Could not update attached clients list : {"error":{},"errorString":"[Exception... \"NS_ERROR_UNKNOWN_HOST\"  nsresult: \"0x804b001e (NS_ERROR_UNKNOWN_HOST)\"  location: \"JS frame :: resource://services-common/rest.sys.mjs :: onStopRequest :: line 478\"  data: no]","message":null,"code":null,"errno":null}
1783087127933	FirefoxAccounts	ERROR	error GETing /account/attached_clients: {"error":{},"errorString":"[Exception... \"NS_ERROR_UNKNOWN_HOST\"  nsresult: \"0x804b001e (NS_ERROR_UNKNOWN_HOST)\"  location: \"JS frame :: resource://services-common/rest.sys.mjs :: onStopRequest :: line 478\"  data: no]","message":null,"code":null,"errno":null}
1783087127933	FirefoxAccounts	ERROR	Could not update attached clients list : {"error":{},"errorString":"[Exception... \"NS_ERROR_UNKNOWN_HOST\"  nsresult: \"0x804b001e (NS_ERROR_UNKNOWN_HOST)\"  location: \"JS frame :: resource://services-common/rest.sys.mjs :: onStopRequest :: line 478\"  data: no]","message":null,"code":null,"errno":null}
console.error: "Experiment visual-card-updates has unknown featureId: newtabRefinedCardsLayout"
console.error: "Experiment enable-nimbus-unenrollment-synchronization has unknown featureId: nimbusStore"
1783087128087	FirefoxAccounts	ERROR	error GETing /account/attached_clients: {"error":{},"errorString":"[Exception... \"NS_ERROR_UNKNOWN_HOST\"  nsresult: \"0x804b001e (NS_ERROR_UNKNOWN_HOST)\"  location: \"JS frame :: resource://services-common/rest.sys.mjs :: onStopRequest :: line 478\"  data: no]","message":null,"code":null,"errno":null}
1783087128087	FirefoxAccounts	ERROR	Could not update attached clients list : {"error":{},"errorString":"[Exception... \"NS_ERROR_UNKNOWN_HOST\"  nsresult: \"0x804b001e (NS_ERROR_UNKNOWN_HOST)\"  location: \"JS frame :: resource://services-common/rest.sys.mjs :: onStopRequest :: line 478\"  data: no]","message":null,"code":null,"errno":null}
1783087128087	FirefoxAccounts	ERROR	error GETing /account/devices?filterIdleDevicesTimestamp=1781272728079: {"error":{},"errorString":"[Exception... \"NS_ERROR_UNKNOWN_HOST\"  nsresult: \"0x804b001e (NS_ERROR_UNKNOWN_HOST)\"  location: \"JS frame :: resource://services-common/rest.sys.mjs :: onStopRequest :: line 478\"  data: no]","message":null,"code":null,"errno":null}
1783087128087	Sync.Browser	ERROR	Refreshing device list failed.: {"error":{},"errorString":"[Exception... \"NS_ERROR_UNKNOWN_HOST\"  nsresult: \"0x804b001e (NS_ERROR_UNKNOWN_HOST)\"  location: \"JS frame :: resource://services-common/rest.sys.mjs :: onStopRequest :: line 478\"  data: no]","message":null,"code":null,"errno":null}
1783087128088	FirefoxAccounts	ERROR	error POSTing /oauth/token: {"error":{},"errorString":"[Exception... \"NS_ERROR_UNKNOWN_HOST\"  nsresult: \"0x804b001e (NS_ERROR_UNKNOWN_HOST)\"  location: \"JS frame :: resource://services-common/rest.sys.mjs :: onStopRequest :: line 478\"  data: no]","message":null,"code":null,"errno":null}
1783087128088	FirefoxAccounts	ERROR	FxA rejecting with error UNKNOWN_ERROR, details: {"error":{},"errorString":"[Exception... \"NS_ERROR_UNKNOWN_HOST\"  nsresult: \"0x804b001e (NS_ERROR_UNKNOWN_HOST)\"  location: \"JS frame :: resource://services-common/rest.sys.mjs :: onStopRequest :: line 478\"  data: no]","message":null,"code":null,"errno":null}
1783087128088	Sync.SyncAuthManager	ERROR	Non-authentication error in _fetchTokenForUser: Error: UNKNOWN_ERROR(resource://gre/modules/FxAccounts.sys.mjs:1455:18) JS Stack trace: _error@FxAccounts.sys.mjs:1455:18
_errorToErrorClass@FxAccounts.sys.mjs:1438:17
getOAuthToken@FxAccounts.sys.mjs:505:28
1783087128088	Sync.ErrorHandler	ERROR	Sync encountered a login error
1783087128095	FirefoxAccounts	ERROR	error GETing /account/attached_clients: {"error":{},"errorString":"[Exception... \"NS_ERROR_UNKNOWN_HOST\"  nsresult: \"0x804b001e (NS_ERROR_UNKNOWN_HOST)\"  location: \"JS frame :: resource://services-common/rest.sys.mjs :: onStopRequest :: line 478\"  data: no]","message":null,"code":null,"errno":null}
1783087128095	FirefoxAccounts	ERROR	Could not update attached clients list : {"error":{},"errorString":"[Exception... \"NS_ERROR_UNKNOWN_HOST\"  nsresult: \"0x804b001e (NS_ERROR_UNKNOWN_HOST)\"  location: \"JS frame :: resource://services-common/rest.sys.mjs :: onStopRequest :: line 478\"  data: no]","message":null,"code":null,"errno":null}
1783087128096	FirefoxAccounts	ERROR	error GETing /account/devices?filterIdleDevicesTimestamp=1781272728090: {"error":{},"errorString":"[Exception... \"NS_ERROR_UNKNOWN_HOST\"  nsresult: \"0x804b001e (NS_ERROR_UNKNOWN_HOST)\"  location: \"JS frame :: resource://services-common/rest.sys.mjs :: onStopRequest :: line 478\"  data: no]","message":null,"code":null,"errno":null}
1783087128096	Sync.Browser	ERROR	Refreshing device list failed.: {"error":{},"errorString":"[Exception... \"NS_ERROR_UNKNOWN_HOST\"  nsresult: \"0x804b001e (NS_ERROR_UNKNOWN_HOST)\"  location: \"JS frame :: resource://services-common/rest.sys.mjs :: onStopRequest :: line 478\"  data: no]","message":null,"code":null,"errno":null}
1783087128096	Sync.Browser	ERROR	Refreshing device list failed.: {"error":{},"errorString":"[Exception... \"NS_ERROR_UNKNOWN_HOST\"  nsresult: \"0x804b001e (NS_ERROR_UNKNOWN_HOST)\"  location: \"JS frame :: resource://services-common/rest.sys.mjs :: onStopRequest :: line 478\"  data: no]","message":null,"code":null,"errno":null}
1783087128096	FirefoxAccounts	ERROR	error GETing /account/attached_clients: {"error":{},"errorString":"[Exception... \"NS_ERROR_UNKNOWN_HOST\"  nsresult: \"0x804b001e (NS_ERROR_UNKNOWN_HOST)\"  location: \"JS frame :: resource://services-common/rest.sys.mjs :: onStopRequest :: line 478\"  data: no]","message":null,"code":null,"errno":null}
1783087128096	FirefoxAccounts	ERROR	Could not update attached clients list : {"error":{},"errorString":"[Exception... \"NS_ERROR_UNKNOWN_HOST\"  nsresult: \"0x804b001e (NS_ERROR_UNKNOWN_HOST)\"  location: \"JS frame :: resource://services-common/rest.sys.mjs :: onStopRequest :: line 478\"  data: no]","message":null,"code":null,"errno":null}
1783087128136	FirefoxAccounts	ERROR	error GETing /account/attached_clients: {"error":{},"errorString":"[Exception... \"NS_ERROR_UNKNOWN_HOST\"  nsresult: \"0x804b001e (NS_ERROR_UNKNOWN_HOST)\"  location: \"JS frame :: resource://services-common/rest.sys.mjs :: onStopRequest :: line 478\"  data: no]","message":null,"code":null,"errno":null}
1783087128136	FirefoxAccounts	ERROR	Could not update attached clients list : {"error":{},"errorString":"[Exception... \"NS_ERROR_UNKNOWN_HOST\"  nsresult: \"0x804b001e (NS_ERROR_UNKNOWN_HOST)\"  location: \"JS frame :: resource://services-common/rest.sys.mjs :: onStopRequest :: line 478\"  data: no]","message":null,"code":null,"errno":null}
1783087128136	FirefoxAccounts	ERROR	error GETing /account/devices?filterIdleDevicesTimestamp=1781272728133: {"error":{},"errorString":"[Exception... \"NS_ERROR_UNKNOWN_HOST\"  nsresult: \"0x804b001e (NS_ERROR_UNKNOWN_HOST)\"  location: \"JS frame :: resource://services-common/rest.sys.mjs :: onStopRequest :: line 478\"  data: no]","message":null,"code":null,"errno":null}
1783087128136	Sync.Browser	ERROR	Refreshing device list failed.: {"error":{},"errorString":"[Exception... \"NS_ERROR_UNKNOWN_HOST\"  nsresult: \"0x804b001e (NS_ERROR_UNKNOWN_HOST)\"  location: \"JS frame :: resource://services-common/rest.sys.mjs :: onStopRequest :: line 478\"  data: no]","message":null,"code":null,"errno":null}
console.error: "Sync encountered an error - see about:sync-log for the log file."
Read port: 49231
1783087128817	RemoteAgent	WARN	TLS certificate errors will be ignored for this session
1783087129027	FirefoxAccounts	ERROR	error GETing /account/attached_clients: {"error":{},"errorString":"[Exception... \"NS_ERROR_UNKNOWN_HOST\"  nsresult: \"0x804b001e (NS_ERROR_UNKNOWN_HOST)\"  location: \"JS frame :: resource://services-common/rest.sys.mjs :: onStopRequest :: line 478\"  data: no]","message":null,"code":null,"errno":null}
1783087129028	FirefoxAccounts	ERROR	Could not update attached clients list : {"error":{},"errorString":"[Exception... \"NS_ERROR_UNKNOWN_HOST\"  nsresult: \"0x804b001e (NS_ERROR_UNKNOWN_HOST)\"  location: \"JS frame :: resource://services-common/rest.sys.mjs :: onStopRequest :: line 478\"  data: no]","message":null,"code":null,"errno":null}
Exiting due to channel error.
Exiting due to channel error.
1783087129246	webdriver::server	INFO	Shutting down
Exiting due to channel error.
1783412366721	geckodriver	INFO	Listening on 127.0.0.1:62667
1783412369847	mozrunner::runner	INFO	Running command: "C:\\Program Files\\Mozilla Firefox\\firefox.exe" "--marionette" "-profile" "C:\\Users\\ESHAAN\\AppData\\Roa ... irefox\\Profiles\\kw3a25lf.default-release" "--remote-debugging-port" "62668" "--remote-allow-hosts" "localhost" "-no-remote"
Read port: 49231
1783412429976	geckodriver	INFO	Listening on 127.0.0.1:53903
1783412433056	mozrunner::runner	INFO	Running command: "C:\\Program Files\\Mozilla Firefox\\firefox.exe" "--marionette" "-profile" "C:\\Users\\ESHAAN\\AppData\\Roa ... lla\\Firefox\\Profiles\\shW5ycIM.Profile 2" "--remote-debugging-port" "53904" "--remote-allow-hosts" "localhost" "-no-remote"
1783412433328	Marionette	INFO	Marionette enabled
1783412433348	Marionette	INFO	Listening on port 53913
WebDriver BiDi listening on ws://127.0.0.1:53904
Read port: 53913
1783412433428	RemoteAgent	WARN	TLS certificate errors will be ignored for this session
[ERROR shell_windows::limited_access_features] Error generating feature token: NS_ERROR_FAILURE
1783412434278	FirefoxAccounts	ERROR	error POSTing /oauth/token: {"error":{},"errorString":"[Exception... \"NS_ERROR_UNKNOWN_HOST\"  nsresult: \"0x804b001e (NS_ERROR_UNKNOWN_HOST)\"  location: \"JS frame :: resource://services-common/rest.sys.mjs :: onStopRequest :: line 478\"  data: no]","message":null,"code":null,"errno":null}
1783412434278	FirefoxAccounts	ERROR	Background refresh of profile failed: {"error":{},"errorString":"[Exception... \"NS_ERROR_UNKNOWN_HOST\"  nsresult: \"0x804b001e (NS_ERROR_UNKNOWN_HOST)\"  location: \"JS frame :: resource://services-common/rest.sys.mjs :: onStopRequest :: line 478\"  data: no]","message":null,"code":null,"errno":null}
1783412434405	FirefoxAccounts	ERROR	error GETing /account/attached_clients: {"error":{},"errorString":"[Exception... \"NS_ERROR_UNKNOWN_HOST\"  nsresult: \"0x804b001e (NS_ERROR_UNKNOWN_HOST)\"  location: \"JS frame :: resource://services-common/rest.sys.mjs :: onStopRequest :: line 478\"  data: no]","message":null,"code":null,"errno":null}
1783412434406	FirefoxAccounts	ERROR	Could not update attached clients list : {"error":{},"errorString":"[Exception... \"NS_ERROR_UNKNOWN_HOST\"  nsresult: \"0x804b001e (NS_ERROR_UNKNOWN_HOST)\"  location: \"JS frame :: resource://services-common/rest.sys.mjs :: onStopRequest :: line 478\"  data: no]","message":null,"code":null,"errno":null}
1783412434424	FirefoxAccounts	ERROR	error GETing /account/attached_clients: {"error":{},"errorString":"[Exception... \"NS_ERROR_UNKNOWN_HOST\"  nsresult: \"0x804b001e (NS_ERROR_UNKNOWN_HOST)\"  location: \"JS frame :: resource://services-common/rest.sys.mjs :: onStopRequest :: line 478\"  data: no]","message":null,"code":null,"errno":null}
1783412434424	FirefoxAccounts	ERROR	Could not update attached clients list : {"error":{},"errorString":"[Exception... \"NS_ERROR_UNKNOWN_HOST\"  nsresult: \"0x804b001e (NS_ERROR_UNKNOWN_HOST)\"  location: \"JS frame :: resource://services-common/rest.sys.mjs :: onStopRequest :: line 478\"  data: no]","message":null,"code":null,"errno":null}
1783412434425	FirefoxAccounts	ERROR	error GETing /account/attached_clients: {"error":{},"errorString":"[Exception... \"NS_ERROR_UNKNOWN_HOST\"  nsresult: \"0x804b001e (NS_ERROR_UNKNOWN_HOST)\"  location: \"JS frame :: resource://services-common/rest.sys.mjs :: onStopRequest :: line 478\"  data: no]","message":null,"code":null,"errno":null}
1783412434425	FirefoxAccounts	ERROR	Could not update attached clients list : {"error":{},"errorString":"[Exception... \"NS_ERROR_UNKNOWN_HOST\"  nsresult: \"0x804b001e (NS_ERROR_UNKNOWN_HOST)\"  location: \"JS frame :: resource://services-common/rest.sys.mjs :: onStopRequest :: line 478\"  data: no]","message":null,"code":null,"errno":null}
1783412434427	FirefoxAccounts	ERROR	error GETing /account/attached_clients: {"error":{},"errorString":"[Exception... \"NS_ERROR_UNKNOWN_HOST\"  nsresult: \"0x804b001e (NS_ERROR_UNKNOWN_HOST)\"  location: \"JS frame :: resource://services-common/rest.sys.mjs :: onStopRequest :: line 478\"  data: no]","message":null,"code":null,"errno":null}
1783412434427	FirefoxAccounts	ERROR	Could not update attached clients list : {"error":{},"errorString":"[Exception... \"NS_ERROR_UNKNOWN_HOST\"  nsresult: \"0x804b001e (NS_ERROR_UNKNOWN_HOST)\"  location: \"JS frame :: resource://services-common/rest.sys.mjs :: onStopRequest :: line 478\"  data: no]","message":null,"code":null,"errno":null}
console.error: "Experiment visual-card-updates has unknown featureId: newtabRefinedCardsLayout"
console.error: "Experiment enable-nimbus-unenrollment-synchronization has unknown featureId: nimbusStore"
1783412434744	FirefoxAccounts	ERROR	error GETing /account/attached_clients: {"error":{},"errorString":"[Exception... \"NS_ERROR_UNKNOWN_HOST\"  nsresult: \"0x804b001e (NS_ERROR_UNKNOWN_HOST)\"  location: \"JS frame :: resource://services-common/rest.sys.mjs :: onStopRequest :: line 478\"  data: no]","message":null,"code":null,"errno":null}
1783412434744	FirefoxAccounts	ERROR	Could not update attached clients list : {"error":{},"errorString":"[Exception... \"NS_ERROR_UNKNOWN_HOST\"  nsresult: \"0x804b001e (NS_ERROR_UNKNOWN_HOST)\"  location: \"JS frame :: resource://services-common/rest.sys.mjs :: onStopRequest :: line 478\"  data: no]","message":null,"code":null,"errno":null}
1783412434745	FirefoxAccounts	ERROR	error GETing /account/devices?filterIdleDevicesTimestamp=1781598034739: {"error":{},"errorString":"[Exception... \"NS_ERROR_UNKNOWN_HOST\"  nsresult: \"0x804b001e (NS_ERROR_UNKNOWN_HOST)\"  location: \"JS frame :: resource://services-common/rest.sys.mjs :: onStopRequest :: line 478\"  data: no]","message":null,"code":null,"errno":null}
1783412434745	Sync.Browser	ERROR	Refreshing device list failed.: {"error":{},"errorString":"[Exception... \"NS_ERROR_UNKNOWN_HOST\"  nsresult: \"0x804b001e (NS_ERROR_UNKNOWN_HOST)\"  location: \"JS frame :: resource://services-common/rest.sys.mjs :: onStopRequest :: line 478\"  data: no]","message":null,"code":null,"errno":null}
1783412434748	FirefoxAccounts	ERROR	error POSTing /oauth/token: {"error":{},"errorString":"[Exception... \"NS_ERROR_UNKNOWN_HOST\"  nsresult: \"0x804b001e (NS_ERROR_UNKNOWN_HOST)\"  location: \"JS frame :: resource://services-common/rest.sys.mjs :: onStopRequest :: line 478\"  data: no]","message":null,"code":null,"errno":null}
1783412434748	FirefoxAccounts	ERROR	FxA rejecting with error UNKNOWN_ERROR, details: {"error":{},"errorString":"[Exception... \"NS_ERROR_UNKNOWN_HOST\"  nsresult: \"0x804b001e (NS_ERROR_UNKNOWN_HOST)\"  location: \"JS frame :: resource://services-common/rest.sys.mjs :: onStopRequest :: line 478\"  data: no]","message":null,"code":null,"errno":null}
1783412434748	Sync.SyncAuthManager	ERROR	Non-authentication error in _fetchTokenForUser: Error: UNKNOWN_ERROR(resource://gre/modules/FxAccounts.sys.mjs:1455:18) JS Stack trace: _error@FxAccounts.sys.mjs:1455:18
_errorToErrorClass@FxAccounts.sys.mjs:1438:17
getOAuthToken@FxAccounts.sys.mjs:505:28
1783412434748	Sync.ErrorHandler	ERROR	Sync encountered a login error
1783412434755	FirefoxAccounts	ERROR	error GETing /account/attached_clients: {"error":{},"errorString":"[Exception... \"NS_ERROR_UNKNOWN_HOST\"  nsresult: \"0x804b001e (NS_ERROR_UNKNOWN_HOST)\"  location: \"JS frame :: resource://services-common/rest.sys.mjs :: onStopRequest :: line 478\"  data: no]","message":null,"code":null,"errno":null}
1783412434755	FirefoxAccounts	ERROR	Could not update attached clients list : {"error":{},"errorString":"[Exception... \"NS_ERROR_UNKNOWN_HOST\"  nsresult: \"0x804b001e (NS_ERROR_UNKNOWN_HOST)\"  location: \"JS frame :: resource://services-common/rest.sys.mjs :: onStopRequest :: line 478\"  data: no]","message":null,"code":null,"errno":null}
1783412434756	FirefoxAccounts	ERROR	error GETing /account/devices?filterIdleDevicesTimestamp=1781598034750: {"error":{},"errorString":"[Exception... \"NS_ERROR_UNKNOWN_HOST\"  nsresult: \"0x804b001e (NS_ERROR_UNKNOWN_HOST)\"  location: \"JS frame :: resource://services-common/rest.sys.mjs :: onStopRequest :: line 478\"  data: no]","message":null,"code":null,"errno":null}
1783412434756	Sync.Browser	ERROR	Refreshing device list failed.: {"error":{},"errorString":"[Exception... \"NS_ERROR_UNKNOWN_HOST\"  nsresult: \"0x804b001e (NS_ERROR_UNKNOWN_HOST)\"  location: \"JS frame :: resource://services-common/rest.sys.mjs :: onStopRequest :: line 478\"  data: no]","message":null,"code":null,"errno":null}
1783412434756	Sync.Browser	ERROR	Refreshing device list failed.: {"error":{},"errorString":"[Exception... \"NS_ERROR_UNKNOWN_HOST\"  nsresult: \"0x804b001e (NS_ERROR_UNKNOWN_HOST)\"  location: \"JS frame :: resource://services-common/rest.sys.mjs :: onStopRequest :: line 478\"  data: no]","message":null,"code":null,"errno":null}
1783412434757	FirefoxAccounts	ERROR	error GETing /account/attached_clients: {"error":{},"errorString":"[Exception... \"NS_ERROR_UNKNOWN_HOST\"  nsresult: \"0x804b001e (NS_ERROR_UNKNOWN_HOST)\"  location: \"JS frame :: resource://services-common/rest.sys.mjs :: onStopRequest :: line 478\"  data: no]","message":null,"code":null,"errno":null}
1783412434757	FirefoxAccounts	ERROR	Could not update attached clients list : {"error":{},"errorString":"[Exception... \"NS_ERROR_UNKNOWN_HOST\"  nsresult: \"0x804b001e (NS_ERROR_UNKNOWN_HOST)\"  location: \"JS frame :: resource://services-common/rest.sys.mjs :: onStopRequest :: line 478\"  data: no]","message":null,"code":null,"errno":null}
1783412434777	FirefoxAccounts	ERROR	error GETing /account/attached_clients: {"error":{},"errorString":"[Exception... \"NS_ERROR_UNKNOWN_HOST\"  nsresult: \"0x804b001e (NS_ERROR_UNKNOWN_HOST)\"  location: \"JS frame :: resource://services-common/rest.sys.mjs :: onStopRequest :: line 478\"  data: no]","message":null,"code":null,"errno":null}
1783412434777	FirefoxAccounts	ERROR	Could not update attached clients list : {"error":{},"errorString":"[Exception... \"NS_ERROR_UNKNOWN_HOST\"  nsresult: \"0x804b001e (NS_ERROR_UNKNOWN_HOST)\"  location: \"JS frame :: resource://services-common/rest.sys.mjs :: onStopRequest :: line 478\"  data: no]","message":null,"code":null,"errno":null}
1783412434778	FirefoxAccounts	ERROR	error GETing /account/devices?filterIdleDevicesTimestamp=1781598034776: {"error":{},"errorString":"[Exception... \"NS_ERROR_UNKNOWN_HOST\"  nsresult: \"0x804b001e (NS_ERROR_UNKNOWN_HOST)\"  location: \"JS frame :: resource://services-common/rest.sys.mjs :: onStopRequest :: line 478\"  data: no]","message":null,"code":null,"errno":null}
1783412434778	Sync.Browser	ERROR	Refreshing device list failed.: {"error":{},"errorString":"[Exception... \"NS_ERROR_UNKNOWN_HOST\"  nsresult: \"0x804b001e (NS_ERROR_UNKNOWN_HOST)\"  location: \"JS frame :: resource://services-common/rest.sys.mjs :: onStopRequest :: line 478\"  data: no]","message":null,"code":null,"errno":null}
console.error: "Sync encountered an error - see about:sync-log for the log file."
1783412434951	FirefoxAccounts	ERROR	error GETing /account/attached_clients: {"error":{},"errorString":"[Exception... \"NS_ERROR_UNKNOWN_HOST\"  nsresult: \"0x804b001e (NS_ERROR_UNKNOWN_HOST)\"  location: \"JS frame :: resource://services-common/rest.sys.mjs :: onStopRequest :: line 478\"  data: no]","message":null,"code":null,"errno":null}
1783412434951	FirefoxAccounts	ERROR	Could not update attached clients list : {"error":{},"errorString":"[Exception... \"NS_ERROR_UNKNOWN_HOST\"  nsresult: \"0x804b001e (NS_ERROR_UNKNOWN_HOST)\"  location: \"JS frame :: resource://services-common/rest.sys.mjs :: onStopRequest :: line 478\"  data: no]","message":null,"code":null,"errno":null}
1783412508742	webdriver::server	INFO	Shutting down
Exiting due to channel error.
Exiting due to channel error.
1783412820791	geckodriver	INFO	Listening on 127.0.0.1:51074
1783412823886	mozrunner::runner	INFO	Running command: "C:\\Program Files\\Mozilla Firefox\\firefox.exe" "--marionette" "-profile" "C:\\Users\\ESHAAN\\AppData\\Roa ... irefox\\Profiles\\kw3a25lf.default-release" "--remote-debugging-port" "51075" "--remote-allow-hosts" "localhost" "-no-remote"
Read port: 49231
1783412824131	Marionette	INFO	Marionette enabled
1783412824148	Marionette	INFO	Listening on port 51084
WebDriver BiDi listening on ws://127.0.0.1:51075
[ERROR shell_windows::limited_access_features] Error generating feature token: NS_ERROR_FAILURE
1783412824934	FirefoxAccounts	ERROR	error POSTing /oauth/token: {"error":{},"errorString":"[Exception... \"NS_ERROR_UNKNOWN_HOST\"  nsresult: \"0x804b001e (NS_ERROR_UNKNOWN_HOST)\"  location: \"JS frame :: resource://services-common/rest.sys.mjs :: onStopRequest :: line 478\"  data: no]","message":null,"code":null,"errno":null}
1783412824934	FirefoxAccounts	ERROR	Background refresh of profile failed: {"error":{},"errorString":"[Exception... \"NS_ERROR_UNKNOWN_HOST\"  nsresult: \"0x804b001e (NS_ERROR_UNKNOWN_HOST)\"  location: \"JS frame :: resource://services-common/rest.sys.mjs :: onStopRequest :: line 478\"  data: no]","message":null,"code":null,"errno":null}
1783412825071	FirefoxAccounts	ERROR	error GETing /account/attached_clients: {"error":{},"errorString":"[Exception... \"NS_ERROR_UNKNOWN_HOST\"  nsresult: \"0x804b001e (NS_ERROR_UNKNOWN_HOST)\"  location: \"JS frame :: resource://services-common/rest.sys.mjs :: onStopRequest :: line 478\"  data: no]","message":null,"code":null,"errno":null}
1783412825071	FirefoxAccounts	ERROR	Could not update attached clients list : {"error":{},"errorString":"[Exception... \"NS_ERROR_UNKNOWN_HOST\"  nsresult: \"0x804b001e (NS_ERROR_UNKNOWN_HOST)\"  location: \"JS frame :: resource://services-common/rest.sys.mjs :: onStopRequest :: line 478\"  data: no]","message":null,"code":null,"errno":null}
1783412825087	FirefoxAccounts	ERROR	error GETing /account/attached_clients: {"error":{},"errorString":"[Exception... \"NS_ERROR_UNKNOWN_HOST\"  nsresult: \"0x804b001e (NS_ERROR_UNKNOWN_HOST)\"  location: \"JS frame :: resource://services-common/rest.sys.mjs :: onStopRequest :: line 478\"  data: no]","message":null,"code":null,"errno":null}
1783412825087	FirefoxAccounts	ERROR	Could not update attached clients list : {"error":{},"errorString":"[Exception... \"NS_ERROR_UNKNOWN_HOST\"  nsresult: \"0x804b001e (NS_ERROR_UNKNOWN_HOST)\"  location: \"JS frame :: resource://services-common/rest.sys.mjs :: onStopRequest :: line 478\"  data: no]","message":null,"code":null,"errno":null}
1783412825089	FirefoxAccounts	ERROR	error GETing /account/attached_clients: {"error":{},"errorString":"[Exception... \"NS_ERROR_UNKNOWN_HOST\"  nsresult: \"0x804b001e (NS_ERROR_UNKNOWN_HOST)\"  location: \"JS frame :: resource://services-common/rest.sys.mjs :: onStopRequest :: line 478\"  data: no]","message":null,"code":null,"errno":null}
1783412825089	FirefoxAccounts	ERROR	Could not update attached clients list : {"error":{},"errorString":"[Exception... \"NS_ERROR_UNKNOWN_HOST\"  nsresult: \"0x804b001e (NS_ERROR_UNKNOWN_HOST)\"  location: \"JS frame :: resource://services-common/rest.sys.mjs :: onStopRequest :: line 478\"  data: no]","message":null,"code":null,"errno":null}
1783412825093	FirefoxAccounts	ERROR	error GETing /account/attached_clients: {"error":{},"errorString":"[Exception... \"NS_ERROR_UNKNOWN_HOST\"  nsresult: \"0x804b001e (NS_ERROR_UNKNOWN_HOST)\"  location: \"JS frame :: resource://services-common/rest.sys.mjs :: onStopRequest :: line 478\"  data: no]","message":null,"code":null,"errno":null}
1783412825093	FirefoxAccounts	ERROR	Could not update attached clients list : {"error":{},"errorString":"[Exception... \"NS_ERROR_UNKNOWN_HOST\"  nsresult: \"0x804b001e (NS_ERROR_UNKNOWN_HOST)\"  location: \"JS frame :: resource://services-common/rest.sys.mjs :: onStopRequest :: line 478\"  data: no]","message":null,"code":null,"errno":null}
console.error: "Experiment visual-card-updates has unknown featureId: newtabRefinedCardsLayout"
console.error: "Experiment enable-nimbus-unenrollment-synchronization has unknown featureId: nimbusStore"
1783412825133	FirefoxAccounts	ERROR	error POSTing /oauth/token: {"error":{},"errorString":"[Exception... \"NS_ERROR_UNKNOWN_HOST\"  nsresult: \"0x804b001e (NS_ERROR_UNKNOWN_HOST)\"  location: \"JS frame :: resource://services-common/rest.sys.mjs :: onStopRequest :: line 478\"  data: no]","message":null,"code":null,"errno":null}
1783412825133	FirefoxAccounts	ERROR	FxA rejecting with error UNKNOWN_ERROR, details: {"error":{},"errorString":"[Exception... \"NS_ERROR_UNKNOWN_HOST\"  nsresult: \"0x804b001e (NS_ERROR_UNKNOWN_HOST)\"  location: \"JS frame :: resource://services-common/rest.sys.mjs :: onStopRequest :: line 478\"  data: no]","message":null,"code":null,"errno":null}
1783412825133	Sync.SyncAuthManager	ERROR	Non-authentication error in _fetchTokenForUser: Error: UNKNOWN_ERROR(resource://gre/modules/FxAccounts.sys.mjs:1455:18) JS Stack trace: _error@FxAccounts.sys.mjs:1455:18
_errorToErrorClass@FxAccounts.sys.mjs:1438:17
getOAuthToken@FxAccounts.sys.mjs:505:28
1783412825134	Sync.ErrorHandler	ERROR	Sync encountered a login error
1783412825400	FirefoxAccounts	ERROR	error GETing /account/attached_clients: {"error":{},"errorString":"[Exception... \"NS_ERROR_UNKNOWN_HOST\"  nsresult: \"0x804b001e (NS_ERROR_UNKNOWN_HOST)\"  location: \"JS frame :: resource://services-common/rest.sys.mjs :: onStopRequest :: line 478\"  data: no]","message":null,"code":null,"errno":null}
1783412825400	FirefoxAccounts	ERROR	Could not update attached clients list : {"error":{},"errorString":"[Exception... \"NS_ERROR_UNKNOWN_HOST\"  nsresult: \"0x804b001e (NS_ERROR_UNKNOWN_HOST)\"  location: \"JS frame :: resource://services-common/rest.sys.mjs :: onStopRequest :: line 478\"  data: no]","message":null,"code":null,"errno":null}
1783412825400	FirefoxAccounts	ERROR	error GETing /account/devices?filterIdleDevicesTimestamp=1781598425398: {"error":{},"errorString":"[Exception... \"NS_ERROR_UNKNOWN_HOST\"  nsresult: \"0x804b001e (NS_ERROR_UNKNOWN_HOST)\"  location: \"JS frame :: resource://services-common/rest.sys.mjs :: onStopRequest :: line 478\"  data: no]","message":null,"code":null,"errno":null}
1783412825400	Sync.Browser	ERROR	Refreshing device list failed.: {"error":{},"errorString":"[Exception... \"NS_ERROR_UNKNOWN_HOST\"  nsresult: \"0x804b001e (NS_ERROR_UNKNOWN_HOST)\"  location: \"JS frame :: resource://services-common/rest.sys.mjs :: onStopRequest :: line 478\"  data: no]","message":null,"code":null,"errno":null}
console.error: "Sync encountered an error - see about:sync-log for the log file."
Read port: 51084
1783412826039	RemoteAgent	WARN	TLS certificate errors will be ignored for this session
1783412826138	FirefoxAccounts	ERROR	error GETing /account/attached_clients: {"error":{},"errorString":"[Exception... \"NS_ERROR_UNKNOWN_HOST\"  nsresult: \"0x804b001e (NS_ERROR_UNKNOWN_HOST)\"  location: \"JS frame :: resource://services-common/rest.sys.mjs :: onStopRequest :: line 478\"  data: no]","message":null,"code":null,"errno":null}
1783412826138	FirefoxAccounts	ERROR	Could not update attached clients list : {"error":{},"errorString":"[Exception... \"NS_ERROR_UNKNOWN_HOST\"  nsresult: \"0x804b001e (NS_ERROR_UNKNOWN_HOST)\"  location: \"JS frame :: resource://services-common/rest.sys.mjs :: onStopRequest :: line 478\"  data: no]","message":null,"code":null,"errno":null}
1783412904322	webdriver::server	INFO	Shutting down
1783412904323	Marionette	INFO	Stopped listening on port 51084
Exiting due to channel error.
Exiting due to channel error.
Exiting due to channel error.
1783413279156	geckodriver	INFO	Listening on 127.0.0.1:57967
1783413282230	mozrunner::runner	INFO	Running command: "C:\\Program Files\\Mozilla Firefox\\firefox.exe" "--marionette" "-profile" "C:\\Users\\ESHAAN\\AppData\\Roa ... irefox\\Profiles\\kw3a25lf.default-release" "--remote-debugging-port" "57968" "--remote-allow-hosts" "localhost" "-no-remote"
Read port: 51084
1783413282457	Marionette	INFO	Marionette enabled
1783413282473	Marionette	INFO	Listening on port 57976
WebDriver BiDi listening on ws://127.0.0.1:57968
[ERROR shell_windows::limited_access_features] Error generating feature token: NS_ERROR_FAILURE
1783413283261	FirefoxAccounts	ERROR	error POSTing /oauth/token: {"error":{},"errorString":"[Exception... \"NS_ERROR_UNKNOWN_HOST\"  nsresult: \"0x804b001e (NS_ERROR_UNKNOWN_HOST)\"  location: \"JS frame :: resource://services-common/rest.sys.mjs :: onStopRequest :: line 478\"  data: no]","message":null,"code":null,"errno":null}
1783413283261	FirefoxAccounts	ERROR	Background refresh of profile failed: {"error":{},"errorString":"[Exception... \"NS_ERROR_UNKNOWN_HOST\"  nsresult: \"0x804b001e (NS_ERROR_UNKNOWN_HOST)\"  location: \"JS frame :: resource://services-common/rest.sys.mjs :: onStopRequest :: line 478\"  data: no]","message":null,"code":null,"errno":null}
1783413283373	FirefoxAccounts	ERROR	error GETing /account/attached_clients: {"error":{},"errorString":"[Exception... \"NS_ERROR_UNKNOWN_HOST\"  nsresult: \"0x804b001e (NS_ERROR_UNKNOWN_HOST)\"  location: \"JS frame :: resource://services-common/rest.sys.mjs :: onStopRequest :: line 478\"  data: no]","message":null,"code":null,"errno":null}
1783413283373	FirefoxAccounts	ERROR	Could not update attached clients list : {"error":{},"errorString":"[Exception... \"NS_ERROR_UNKNOWN_HOST\"  nsresult: \"0x804b001e (NS_ERROR_UNKNOWN_HOST)\"  location: \"JS frame :: resource://services-common/rest.sys.mjs :: onStopRequest :: line 478\"  data: no]","message":null,"code":null,"errno":null}
1783413283386	FirefoxAccounts	ERROR	error GETing /account/attached_clients: {"error":{},"errorString":"[Exception... \"NS_ERROR_UNKNOWN_HOST\"  nsresult: \"0x804b001e (NS_ERROR_UNKNOWN_HOST)\"  location: \"JS frame :: resource://services-common/rest.sys.mjs :: onStopRequest :: line 478\"  data: no]","message":null,"code":null,"errno":null}
1783413283386	FirefoxAccounts	ERROR	Could not update attached clients list : {"error":{},"errorString":"[Exception... \"NS_ERROR_UNKNOWN_HOST\"  nsresult: \"0x804b001e (NS_ERROR_UNKNOWN_HOST)\"  location: \"JS frame :: resource://services-common/rest.sys.mjs :: onStopRequest :: line 478\"  data: no]","message":null,"code":null,"errno":null}
1783413283389	FirefoxAccounts	ERROR	error GETing /account/attached_clients: {"error":{},"errorString":"[Exception... \"NS_ERROR_UNKNOWN_HOST\"  nsresult: \"0x804b001e (NS_ERROR_UNKNOWN_HOST)\"  location: \"JS frame :: resource://services-common/rest.sys.mjs :: onStopRequest :: line 478\"  data: no]","message":null,"code":null,"errno":null}
1783413283389	FirefoxAccounts	ERROR	Could not update attached clients list : {"error":{},"errorString":"[Exception... \"NS_ERROR_UNKNOWN_HOST\"  nsresult: \"0x804b001e (NS_ERROR_UNKNOWN_HOST)\"  location: \"JS frame :: resource://services-common/rest.sys.mjs :: onStopRequest :: line 478\"  data: no]","message":null,"code":null,"errno":null}
1783413283391	FirefoxAccounts	ERROR	error GETing /account/attached_clients: {"error":{},"errorString":"[Exception... \"NS_ERROR_UNKNOWN_HOST\"  nsresult: \"0x804b001e (NS_ERROR_UNKNOWN_HOST)\"  location: \"JS frame :: resource://services-common/rest.sys.mjs :: onStopRequest :: line 478\"  data: no]","message":null,"code":null,"errno":null}
1783413283391	FirefoxAccounts	ERROR	Could not update attached clients list : {"error":{},"errorString":"[Exception... \"NS_ERROR_UNKNOWN_HOST\"  nsresult: \"0x804b001e (NS_ERROR_UNKNOWN_HOST)\"  location: \"JS frame :: resource://services-common/rest.sys.mjs :: onStopRequest :: line 478\"  data: no]","message":null,"code":null,"errno":null}
console.error: "Experiment visual-card-updates has unknown featureId: newtabRefinedCardsLayout"
console.error: "Experiment enable-nimbus-unenrollment-synchronization has unknown featureId: nimbusStore"
1783413283509	FirefoxAccounts	ERROR	error GETing /account/attached_clients: {"error":{},"errorString":"[Exception... \"NS_ERROR_UNKNOWN_HOST\"  nsresult: \"0x804b001e (NS_ERROR_UNKNOWN_HOST)\"  location: \"JS frame :: resource://services-common/rest.sys.mjs :: onStopRequest :: line 478\"  data: no]","message":null,"code":null,"errno":null}
1783413283509	FirefoxAccounts	ERROR	Could not update attached clients list : {"error":{},"errorString":"[Exception... \"NS_ERROR_UNKNOWN_HOST\"  nsresult: \"0x804b001e (NS_ERROR_UNKNOWN_HOST)\"  location: \"JS frame :: resource://services-common/rest.sys.mjs :: onStopRequest :: line 478\"  data: no]","message":null,"code":null,"errno":null}
1783413283509	FirefoxAccounts	ERROR	error GETing /account/devices?filterIdleDevicesTimestamp=1781598883502: {"error":{},"errorString":"[Exception... \"NS_ERROR_UNKNOWN_HOST\"  nsresult: \"0x804b001e (NS_ERROR_UNKNOWN_HOST)\"  location: \"JS frame :: resource://services-common/rest.sys.mjs :: onStopRequest :: line 478\"  data: no]","message":null,"code":null,"errno":null}
1783413283510	Sync.Browser	ERROR	Refreshing device list failed.: {"error":{},"errorString":"[Exception... \"NS_ERROR_UNKNOWN_HOST\"  nsresult: \"0x804b001e (NS_ERROR_UNKNOWN_HOST)\"  location: \"JS frame :: resource://services-common/rest.sys.mjs :: onStopRequest :: line 478\"  data: no]","message":null,"code":null,"errno":null}
1783413283510	FirefoxAccounts	ERROR	error POSTing /oauth/token: {"error":{},"errorString":"[Exception... \"NS_ERROR_UNKNOWN_HOST\"  nsresult: \"0x804b001e (NS_ERROR_UNKNOWN_HOST)\"  location: \"JS frame :: resource://services-common/rest.sys.mjs :: onStopRequest :: line 478\"  data: no]","message":null,"code":null,"errno":null}
1783413283510	FirefoxAccounts	ERROR	FxA rejecting with error UNKNOWN_ERROR, details: {"error":{},"errorString":"[Exception... \"NS_ERROR_UNKNOWN_HOST\"  nsresult: \"0x804b001e (NS_ERROR_UNKNOWN_HOST)\"  location: \"JS frame :: resource://services-common/rest.sys.mjs :: onStopRequest :: line 478\"  data: no]","message":null,"code":null,"errno":null}
1783413283510	Sync.SyncAuthManager	ERROR	Non-authentication error in _fetchTokenForUser: Error: UNKNOWN_ERROR(resource://gre/modules/FxAccounts.sys.mjs:1455:18) JS Stack trace: _error@FxAccounts.sys.mjs:1455:18
_errorToErrorClass@FxAccounts.sys.mjs:1438:17
getOAuthToken@FxAccounts.sys.mjs:505:28
1783413283511	Sync.ErrorHandler	ERROR	Sync encountered a login error
1783413283518	FirefoxAccounts	ERROR	error GETing /account/attached_clients: {"error":{},"errorString":"[Exception... \"NS_ERROR_UNKNOWN_HOST\"  nsresult: \"0x804b001e (NS_ERROR_UNKNOWN_HOST)\"  location: \"JS frame :: resource://services-common/rest.sys.mjs :: onStopRequest :: line 478\"  data: no]","message":null,"code":null,"errno":null}
1783413283518	FirefoxAccounts	ERROR	Could not update attached clients list : {"error":{},"errorString":"[Exception... \"NS_ERROR_UNKNOWN_HOST\"  nsresult: \"0x804b001e (NS_ERROR_UNKNOWN_HOST)\"  location: \"JS frame :: resource://services-common/rest.sys.mjs :: onStopRequest :: line 478\"  data: no]","message":null,"code":null,"errno":null}
1783413283518	FirefoxAccounts	ERROR	error GETing /account/devices?filterIdleDevicesTimestamp=1781598883512: {"error":{},"errorString":"[Exception... \"NS_ERROR_UNKNOWN_HOST\"  nsresult: \"0x804b001e (NS_ERROR_UNKNOWN_HOST)\"  location: \"JS frame :: resource://services-common/rest.sys.mjs :: onStopRequest :: line 478\"  data: no]","message":null,"code":null,"errno":null}
1783413283518	Sync.Browser	ERROR	Refreshing device list failed.: {"error":{},"errorString":"[Exception... \"NS_ERROR_UNKNOWN_HOST\"  nsresult: \"0x804b001e (NS_ERROR_UNKNOWN_HOST)\"  location: \"JS frame :: resource://services-common/rest.sys.mjs :: onStopRequest :: line 478\"  data: no]","message":null,"code":null,"errno":null}
1783413283518	Sync.Browser	ERROR	Refreshing device list failed.: {"error":{},"errorString":"[Exception... \"NS_ERROR_UNKNOWN_HOST\"  nsresult: \"0x804b001e (NS_ERROR_UNKNOWN_HOST)\"  location: \"JS frame :: resource://services-common/rest.sys.mjs :: onStopRequest :: line 478\"  data: no]","message":null,"code":null,"errno":null}
1783413283519	FirefoxAccounts	ERROR	error GETing /account/attached_clients: {"error":{},"errorString":"[Exception... \"NS_ERROR_UNKNOWN_HOST\"  nsresult: \"0x804b001e (NS_ERROR_UNKNOWN_HOST)\"  location: \"JS frame :: resource://services-common/rest.sys.mjs :: onStopRequest :: line 478\"  data: no]","message":null,"code":null,"errno":null}
1783413283519	FirefoxAccounts	ERROR	Could not update attached clients list : {"error":{},"errorString":"[Exception... \"NS_ERROR_UNKNOWN_HOST\"  nsresult: \"0x804b001e (NS_ERROR_UNKNOWN_HOST)\"  location: \"JS frame :: resource://services-common/rest.sys.mjs :: onStopRequest :: line 478\"  data: no]","message":null,"code":null,"errno":null}
1783413283574	FirefoxAccounts	ERROR	error GETing /account/attached_clients: {"error":{},"errorString":"[Exception... \"NS_ERROR_UNKNOWN_HOST\"  nsresult: \"0x804b001e (NS_ERROR_UNKNOWN_HOST)\"  location: \"JS frame :: resource://services-common/rest.sys.mjs :: onStopRequest :: line 478\"  data: no]","message":null,"code":null,"errno":null}
1783413283574	FirefoxAccounts	ERROR	Could not update attached clients list : {"error":{},"errorString":"[Exception... \"NS_ERROR_UNKNOWN_HOST\"  nsresult: \"0x804b001e (NS_ERROR_UNKNOWN_HOST)\"  location: \"JS frame :: resource://services-common/rest.sys.mjs :: onStopRequest :: line 478\"  data: no]","message":null,"code":null,"errno":null}
1783413283574	FirefoxAccounts	ERROR	error GETing /account/devices?filterIdleDevicesTimestamp=1781598883572: {"error":{},"errorString":"[Exception... \"NS_ERROR_UNKNOWN_HOST\"  nsresult: \"0x804b001e (NS_ERROR_UNKNOWN_HOST)\"  location: \"JS frame :: resource://services-common/rest.sys.mjs :: onStopRequest :: line 478\"  data: no]","message":null,"code":null,"errno":null}
1783413283574	Sync.Browser	ERROR	Refreshing device list failed.: {"error":{},"errorString":"[Exception... \"NS_ERROR_UNKNOWN_HOST\"  nsresult: \"0x804b001e (NS_ERROR_UNKNOWN_HOST)\"  location: \"JS frame :: resource://services-common/rest.sys.mjs :: onStopRequest :: line 478\"  data: no]","message":null,"code":null,"errno":null}
console.error: "Sync encountered an error - see about:sync-log for the log file."
Read port: 57976
1783413284406	RemoteAgent	WARN	TLS certificate errors will be ignored for this session
1783413284547	FirefoxAccounts	ERROR	error GETing /account/attached_clients: {"error":{},"errorString":"[Exception... \"NS_ERROR_UNKNOWN_HOST\"  nsresult: \"0x804b001e (NS_ERROR_UNKNOWN_HOST)\"  location: \"JS frame :: resource://services-common/rest.sys.mjs :: onStopRequest :: line 478\"  data: no]","message":null,"code":null,"errno":null}
1783413284547	FirefoxAccounts	ERROR	Could not update attached clients list : {"error":{},"errorString":"[Exception... \"NS_ERROR_UNKNOWN_HOST\"  nsresult: \"0x804b001e (NS_ERROR_UNKNOWN_HOST)\"  location: \"JS frame :: resource://services-common/rest.sys.mjs :: onStopRequest :: line 478\"  data: no]","message":null,"code":null,"errno":null}
JavaScript warning: https://static-assets-web.flixcart.com/fk-sp-static/script/928.6d44969dea6ae4571e58.js, line 2: Script terminated by timeout at:
77521/d/l<@https://static-assets-web.flixcart.com/fk-sp-static/script/928.6d44969dea6ae4571e58.js:2:971378
77521/d/</e<@https://static-assets-web.flixcart.com/fk-sp-static/script/928.6d44969dea6ae4571e58.js:2:971778

1783413286026	Marionette	INFO	Stopped listening on port 57976
Exiting due to channel error.
Exiting due to channel error.
Exiting due to channel error.
1783413287562	webdriver::server	INFO	Shutting down
1783439113874	geckodriver	INFO	Listening on 127.0.0.1:53655
1783439117017	mozrunner::runner	INFO	Running command: "C:\\Program Files\\Mozilla Firefox\\firefox.exe" "--marionette" "-profile" "C:\\Users\\ESHAAN\\AppData\\Roa ... irefox\\Profiles\\kw3a25lf.default-release" "--remote-debugging-port" "53656" "--remote-allow-hosts" "localhost" "-no-remote"
Read port: 58027
1783439117320	Marionette	INFO	Marionette enabled
1783439117339	Marionette	INFO	Listening on port 53680
WebDriver BiDi listening on ws://127.0.0.1:53656
[ERROR shell_windows::limited_access_features] Error generating feature token: NS_ERROR_FAILURE
1783439118223	FirefoxAccounts	ERROR	error POSTing /oauth/token: {"error":{},"errorString":"[Exception... \"NS_ERROR_UNKNOWN_HOST\"  nsresult: \"0x804b001e (NS_ERROR_UNKNOWN_HOST)\"  location: \"JS frame :: resource://services-common/rest.sys.mjs :: onStopRequest :: line 478\"  data: no]","message":null,"code":null,"errno":null}
1783439118223	FirefoxAccounts	ERROR	Background refresh of profile failed: {"error":{},"errorString":"[Exception... \"NS_ERROR_UNKNOWN_HOST\"  nsresult: \"0x804b001e (NS_ERROR_UNKNOWN_HOST)\"  location: \"JS frame :: resource://services-common/rest.sys.mjs :: onStopRequest :: line 478\"  data: no]","message":null,"code":null,"errno":null}
1783439118393	FirefoxAccounts	ERROR	error GETing /account/attached_clients: {"error":{},"errorString":"[Exception... \"NS_ERROR_UNKNOWN_HOST\"  nsresult: \"0x804b001e (NS_ERROR_UNKNOWN_HOST)\"  location: \"JS frame :: resource://services-common/rest.sys.mjs :: onStopRequest :: line 478\"  data: no]","message":null,"code":null,"errno":null}
1783439118393	FirefoxAccounts	ERROR	Could not update attached clients list : {"error":{},"errorString":"[Exception... \"NS_ERROR_UNKNOWN_HOST\"  nsresult: \"0x804b001e (NS_ERROR_UNKNOWN_HOST)\"  location: \"JS frame :: resource://services-common/rest.sys.mjs :: onStopRequest :: line 478\"  data: no]","message":null,"code":null,"errno":null}
1783439118393	FirefoxAccounts	ERROR	error GETing /account/devices?filterIdleDevicesTimestamp=1781624718387: {"error":{},"errorString":"[Exception... \"NS_ERROR_UNKNOWN_HOST\"  nsresult: \"0x804b001e (NS_ERROR_UNKNOWN_HOST)\"  location: \"JS frame :: resource://services-common/rest.sys.mjs :: onStopRequest :: line 478\"  data: no]","message":null,"code":null,"errno":null}
1783439118394	Sync.Browser	ERROR	Refreshing device list failed.: {"error":{},"errorString":"[Exception... \"NS_ERROR_UNKNOWN_HOST\"  nsresult: \"0x804b001e (NS_ERROR_UNKNOWN_HOST)\"  location: \"JS frame :: resource://services-common/rest.sys.mjs :: onStopRequest :: line 478\"  data: no]","message":null,"code":null,"errno":null}
1783439118398	FirefoxAccounts	ERROR	error POSTing /oauth/token: {"error":{},"errorString":"[Exception... \"NS_ERROR_UNKNOWN_HOST\"  nsresult: \"0x804b001e (NS_ERROR_UNKNOWN_HOST)\"  location: \"JS frame :: resource://services-common/rest.sys.mjs :: onStopRequest :: line 478\"  data: no]","message":null,"code":null,"errno":null}
1783439118398	FirefoxAccounts	ERROR	FxA rejecting with error UNKNOWN_ERROR, details: {"error":{},"errorString":"[Exception... \"NS_ERROR_UNKNOWN_HOST\"  nsresult: \"0x804b001e (NS_ERROR_UNKNOWN_HOST)\"  location: \"JS frame :: resource://services-common/rest.sys.mjs :: onStopRequest :: line 478\"  data: no]","message":null,"code":null,"errno":null}
1783439118398	Sync.SyncAuthManager	ERROR	Non-authentication error in _fetchTokenForUser: Error: UNKNOWN_ERROR(resource://gre/modules/FxAccounts.sys.mjs:1455:18) JS Stack trace: _error@FxAccounts.sys.mjs:1455:18
_errorToErrorClass@FxAccounts.sys.mjs:1438:17
getOAuthToken@FxAccounts.sys.mjs:505:28
1783439118399	Sync.ErrorHandler	ERROR	Sync encountered a login error
1783439118412	FirefoxAccounts	ERROR	error GETing /account/attached_clients: {"error":{},"errorString":"[Exception... \"NS_ERROR_UNKNOWN_HOST\"  nsresult: \"0x804b001e (NS_ERROR_UNKNOWN_HOST)\"  location: \"JS frame :: resource://services-common/rest.sys.mjs :: onStopRequest :: line 478\"  data: no]","message":null,"code":null,"errno":null}
1783439118412	FirefoxAccounts	ERROR	Could not update attached clients list : {"error":{},"errorString":"[Exception... \"NS_ERROR_UNKNOWN_HOST\"  nsresult: \"0x804b001e (NS_ERROR_UNKNOWN_HOST)\"  location: \"JS frame :: resource://services-common/rest.sys.mjs :: onStopRequest :: line 478\"  data: no]","message":null,"code":null,"errno":null}
1783439118412	FirefoxAccounts	ERROR	error GETing /account/devices?filterIdleDevicesTimestamp=1781624718400: {"error":{},"errorString":"[Exception... \"NS_ERROR_UNKNOWN_HOST\"  nsresult: \"0x804b001e (NS_ERROR_UNKNOWN_HOST)\"  location: \"JS frame :: resource://services-common/rest.sys.mjs :: onStopRequest :: line 478\"  data: no]","message":null,"code":null,"errno":null}
1783439118413	Sync.Browser	ERROR	Refreshing device list failed.: {"error":{},"errorString":"[Exception... \"NS_ERROR_UNKNOWN_HOST\"  nsresult: \"0x804b001e (NS_ERROR_UNKNOWN_HOST)\"  location: \"JS frame :: resource://services-common/rest.sys.mjs :: onStopRequest :: line 478\"  data: no]","message":null,"code":null,"errno":null}
1783439118413	Sync.Browser	ERROR	Refreshing device list failed.: {"error":{},"errorString":"[Exception... \"NS_ERROR_UNKNOWN_HOST\"  nsresult: \"0x804b001e (NS_ERROR_UNKNOWN_HOST)\"  location: \"JS frame :: resource://services-common/rest.sys.mjs :: onStopRequest :: line 478\"  data: no]","message":null,"code":null,"errno":null}
1783439118413	FirefoxAccounts	ERROR	error GETing /account/attached_clients: {"error":{},"errorString":"[Exception... \"NS_ERROR_UNKNOWN_HOST\"  nsresult: \"0x804b001e (NS_ERROR_UNKNOWN_HOST)\"  location: \"JS frame :: resource://services-common/rest.sys.mjs :: onStopRequest :: line 478\"  data: no]","message":null,"code":null,"errno":null}
1783439118413	FirefoxAccounts	ERROR	Could not update attached clients list : {"error":{},"errorString":"[Exception... \"NS_ERROR_UNKNOWN_HOST\"  nsresult: \"0x804b001e (NS_ERROR_UNKNOWN_HOST)\"  location: \"JS frame :: resource://services-common/rest.sys.mjs :: onStopRequest :: line 478\"  data: no]","message":null,"code":null,"errno":null}
1783439118438	FirefoxAccounts	ERROR	error GETing /account/attached_clients: {"error":{},"errorString":"[Exception... \"NS_ERROR_UNKNOWN_HOST\"  nsresult: \"0x804b001e (NS_ERROR_UNKNOWN_HOST)\"  location: \"JS frame :: resource://services-common/rest.sys.mjs :: onStopRequest :: line 478\"  data: no]","message":null,"code":null,"errno":null}
1783439118438	FirefoxAccounts	ERROR	Could not update attached clients list : {"error":{},"errorString":"[Exception... \"NS_ERROR_UNKNOWN_HOST\"  nsresult: \"0x804b001e (NS_ERROR_UNKNOWN_HOST)\"  location: \"JS frame :: resource://services-common/rest.sys.mjs :: onStopRequest :: line 478\"  data: no]","message":null,"code":null,"errno":null}
1783439118449	FirefoxAccounts	ERROR	error GETing /account/attached_clients: {"error":{},"errorString":"[Exception... \"NS_ERROR_UNKNOWN_HOST\"  nsresult: \"0x804b001e (NS_ERROR_UNKNOWN_HOST)\"  location: \"JS frame :: resource://services-common/rest.sys.mjs :: onStopRequest :: line 478\"  data: no]","message":null,"code":null,"errno":null}
1783439118449	FirefoxAccounts	ERROR	Could not update attached clients list : {"error":{},"errorString":"[Exception... \"NS_ERROR_UNKNOWN_HOST\"  nsresult: \"0x804b001e (NS_ERROR_UNKNOWN_HOST)\"  location: \"JS frame :: resource://services-common/rest.sys.mjs :: onStopRequest :: line 478\"  data: no]","message":null,"code":null,"errno":null}
1783439118451	FirefoxAccounts	ERROR	error GETing /account/attached_clients: {"error":{},"errorString":"[Exception... \"NS_ERROR_UNKNOWN_HOST\"  nsresult: \"0x804b001e (NS_ERROR_UNKNOWN_HOST)\"  location: \"JS frame :: resource://services-common/rest.sys.mjs :: onStopRequest :: line 478\"  data: no]","message":null,"code":null,"errno":null}
1783439118451	FirefoxAccounts	ERROR	Could not update attached clients list : {"error":{},"errorString":"[Exception... \"NS_ERROR_UNKNOWN_HOST\"  nsresult: \"0x804b001e (NS_ERROR_UNKNOWN_HOST)\"  location: \"JS frame :: resource://services-common/rest.sys.mjs :: onStopRequest :: line 478\"  data: no]","message":null,"code":null,"errno":null}
1783439118454	FirefoxAccounts	ERROR	error GETing /account/attached_clients: {"error":{},"errorString":"[Exception... \"NS_ERROR_UNKNOWN_HOST\"  nsresult: \"0x804b001e (NS_ERROR_UNKNOWN_HOST)\"  location: \"JS frame :: resource://services-common/rest.sys.mjs :: onStopRequest :: line 478\"  data: no]","message":null,"code":null,"errno":null}
1783439118454	FirefoxAccounts	ERROR	Could not update attached clients list : {"error":{},"errorString":"[Exception... \"NS_ERROR_UNKNOWN_HOST\"  nsresult: \"0x804b001e (NS_ERROR_UNKNOWN_HOST)\"  location: \"JS frame :: resource://services-common/rest.sys.mjs :: onStopRequest :: line 478\"  data: no]","message":null,"code":null,"errno":null}
console.error: "Experiment visual-card-updates has unknown featureId: newtabRefinedCardsLayout"
console.error: "Experiment enable-nimbus-unenrollment-synchronization has unknown featureId: nimbusStore"
1783439118658	FirefoxAccounts	ERROR	error GETing /account/attached_clients: {"error":{},"errorString":"[Exception... \"NS_ERROR_UNKNOWN_HOST\"  nsresult: \"0x804b001e (NS_ERROR_UNKNOWN_HOST)\"  location: \"JS frame :: resource://services-common/rest.sys.mjs :: onStopRequest :: line 478\"  data: no]","message":null,"code":null,"errno":null}
1783439118658	FirefoxAccounts	ERROR	Could not update attached clients list : {"error":{},"errorString":"[Exception... \"NS_ERROR_UNKNOWN_HOST\"  nsresult: \"0x804b001e (NS_ERROR_UNKNOWN_HOST)\"  location: \"JS frame :: resource://services-common/rest.sys.mjs :: onStopRequest :: line 478\"  data: no]","message":null,"code":null,"errno":null}
1783439118658	FirefoxAccounts	ERROR	error GETing /account/devices?filterIdleDevicesTimestamp=1781624718656: {"error":{},"errorString":"[Exception... \"NS_ERROR_UNKNOWN_HOST\"  nsresult: \"0x804b001e (NS_ERROR_UNKNOWN_HOST)\"  location: \"JS frame :: resource://services-common/rest.sys.mjs :: onStopRequest :: line 478\"  data: no]","message":null,"code":null,"errno":null}
1783439118658	Sync.Browser	ERROR	Refreshing device list failed.: {"error":{},"errorString":"[Exception... \"NS_ERROR_UNKNOWN_HOST\"  nsresult: \"0x804b001e (NS_ERROR_UNKNOWN_HOST)\"  location: \"JS frame :: resource://services-common/rest.sys.mjs :: onStopRequest :: line 478\"  data: no]","message":null,"code":null,"errno":null}
console.error: "Sync encountered an error - see about:sync-log for the log file."
Read port: 53680
1783439119196	RemoteAgent	WARN	TLS certificate errors will be ignored for this session
1783439119292	FirefoxAccounts	ERROR	error GETing /account/attached_clients: {"error":{},"errorString":"[Exception... \"NS_ERROR_UNKNOWN_HOST\"  nsresult: \"0x804b001e (NS_ERROR_UNKNOWN_HOST)\"  location: \"JS frame :: resource://services-common/rest.sys.mjs :: onStopRequest :: line 478\"  data: no]","message":null,"code":null,"errno":null}
1783439119292	FirefoxAccounts	ERROR	Could not update attached clients list : {"error":{},"errorString":"[Exception... \"NS_ERROR_UNKNOWN_HOST\"  nsresult: \"0x804b001e (NS_ERROR_UNKNOWN_HOST)\"  location: \"JS frame :: resource://services-common/rest.sys.mjs :: onStopRequest :: line 478\"  data: no]","message":null,"code":null,"errno":null}
1783439295329	Marionette	INFO	Stopped listening on port 53680
JavaScript warning: https://img1a.flixcart.com/fk-sp-static/scripts/nr-script.js, line 1885: Script terminated by timeout at:
nrWrapper@https://img1a.flixcart.com/fk-sp-static/scripts/nr-script.js:1885:33

1783439297024	webdriver::server	INFO	Shutting down
1783439585809	geckodriver	INFO	Listening on 127.0.0.1:49285
1783439588892	mozrunner::runner	INFO	Running command: "C:\\Program Files\\Mozilla Firefox\\firefox.exe" "--marionette" "-profile" "C:\\Users\\ESHAAN\\AppData\\Roa ... irefox\\Profiles\\kw3a25lf.default-release" "--remote-debugging-port" "49286" "--remote-allow-hosts" "localhost" "-no-remote"
1783439589129	Marionette	INFO	Marionette enabled
1783439589147	Marionette	INFO	Listening on port 49321
WebDriver BiDi listening on ws://127.0.0.1:49286
Read port: 49321
1783439589238	RemoteAgent	WARN	TLS certificate errors will be ignored for this session
[ERROR shell_windows::limited_access_features] Error generating feature token: NS_ERROR_FAILURE
1783439589948	FirefoxAccounts	ERROR	error POSTing /oauth/token: {"error":{},"errorString":"[Exception... \"NS_ERROR_UNKNOWN_HOST\"  nsresult: \"0x804b001e (NS_ERROR_UNKNOWN_HOST)\"  location: \"JS frame :: resource://services-common/rest.sys.mjs :: onStopRequest :: line 478\"  data: no]","message":null,"code":null,"errno":null}
1783439589948	FirefoxAccounts	ERROR	Background refresh of profile failed: {"error":{},"errorString":"[Exception... \"NS_ERROR_UNKNOWN_HOST\"  nsresult: \"0x804b001e (NS_ERROR_UNKNOWN_HOST)\"  location: \"JS frame :: resource://services-common/rest.sys.mjs :: onStopRequest :: line 478\"  data: no]","message":null,"code":null,"errno":null}
1783439590063	FirefoxAccounts	ERROR	error GETing /account/attached_clients: {"error":{},"errorString":"[Exception... \"NS_ERROR_UNKNOWN_HOST\"  nsresult: \"0x804b001e (NS_ERROR_UNKNOWN_HOST)\"  location: \"JS frame :: resource://services-common/rest.sys.mjs :: onStopRequest :: line 478\"  data: no]","message":null,"code":null,"errno":null}
1783439590063	FirefoxAccounts	ERROR	Could not update attached clients list : {"error":{},"errorString":"[Exception... \"NS_ERROR_UNKNOWN_HOST\"  nsresult: \"0x804b001e (NS_ERROR_UNKNOWN_HOST)\"  location: \"JS frame :: resource://services-common/rest.sys.mjs :: onStopRequest :: line 478\"  data: no]","message":null,"code":null,"errno":null}
1783439590078	FirefoxAccounts	ERROR	error GETing /account/attached_clients: {"error":{},"errorString":"[Exception... \"NS_ERROR_UNKNOWN_HOST\"  nsresult: \"0x804b001e (NS_ERROR_UNKNOWN_HOST)\"  location: \"JS frame :: resource://services-common/rest.sys.mjs :: onStopRequest :: line 478\"  data: no]","message":null,"code":null,"errno":null}
1783439590078	FirefoxAccounts	ERROR	Could not update attached clients list : {"error":{},"errorString":"[Exception... \"NS_ERROR_UNKNOWN_HOST\"  nsresult: \"0x804b001e (NS_ERROR_UNKNOWN_HOST)\"  location: \"JS frame :: resource://services-common/rest.sys.mjs :: onStopRequest :: line 478\"  data: no]","message":null,"code":null,"errno":null}
1783439590081	FirefoxAccounts	ERROR	error GETing /account/attached_clients: {"error":{},"errorString":"[Exception... \"NS_ERROR_UNKNOWN_HOST\"  nsresult: \"0x804b001e (NS_ERROR_UNKNOWN_HOST)\"  location: \"JS frame :: resource://services-common/rest.sys.mjs :: onStopRequest :: line 478\"  data: no]","message":null,"code":null,"errno":null}
1783439590081	FirefoxAccounts	ERROR	Could not update attached clients list : {"error":{},"errorString":"[Exception... \"NS_ERROR_UNKNOWN_HOST\"  nsresult: \"0x804b001e (NS_ERROR_UNKNOWN_HOST)\"  location: \"JS frame :: resource://services-common/rest.sys.mjs :: onStopRequest :: line 478\"  data: no]","message":null,"code":null,"errno":null}
1783439590082	FirefoxAccounts	ERROR	error GETing /account/attached_clients: {"error":{},"errorString":"[Exception... \"NS_ERROR_UNKNOWN_HOST\"  nsresult: \"0x804b001e (NS_ERROR_UNKNOWN_HOST)\"  location: \"JS frame :: resource://services-common/rest.sys.mjs :: onStopRequest :: line 478\"  data: no]","message":null,"code":null,"errno":null}
1783439590082	FirefoxAccounts	ERROR	Could not update attached clients list : {"error":{},"errorString":"[Exception... \"NS_ERROR_UNKNOWN_HOST\"  nsresult: \"0x804b001e (NS_ERROR_UNKNOWN_HOST)\"  location: \"JS frame :: resource://services-common/rest.sys.mjs :: onStopRequest :: line 478\"  data: no]","message":null,"code":null,"errno":null}
console.error: "Experiment visual-card-updates has unknown featureId: newtabRefinedCardsLayout"
console.error: "Experiment enable-nimbus-unenrollment-synchronization has unknown featureId: nimbusStore"
1783439590211	FirefoxAccounts	ERROR	error GETing /account/attached_clients: {"error":{},"errorString":"[Exception... \"NS_ERROR_UNKNOWN_HOST\"  nsresult: \"0x804b001e (NS_ERROR_UNKNOWN_HOST)\"  location: \"JS frame :: resource://services-common/rest.sys.mjs :: onStopRequest :: line 478\"  data: no]","message":null,"code":null,"errno":null}
1783439590211	FirefoxAccounts	ERROR	Could not update attached clients list : {"error":{},"errorString":"[Exception... \"NS_ERROR_UNKNOWN_HOST\"  nsresult: \"0x804b001e (NS_ERROR_UNKNOWN_HOST)\"  location: \"JS frame :: resource://services-common/rest.sys.mjs :: onStopRequest :: line 478\"  data: no]","message":null,"code":null,"errno":null}
1783439590212	FirefoxAccounts	ERROR	error GETing /account/devices?filterIdleDevicesTimestamp=1781625190204: {"error":{},"errorString":"[Exception... \"NS_ERROR_UNKNOWN_HOST\"  nsresult: \"0x804b001e (NS_ERROR_UNKNOWN_HOST)\"  location: \"JS frame :: resource://services-common/rest.sys.mjs :: onStopRequest :: line 478\"  data: no]","message":null,"code":null,"errno":null}
1783439590212	Sync.Browser	ERROR	Refreshing device list failed.: {"error":{},"errorString":"[Exception... \"NS_ERROR_UNKNOWN_HOST\"  nsresult: \"0x804b001e (NS_ERROR_UNKNOWN_HOST)\"  location: \"JS frame :: resource://services-common/rest.sys.mjs :: onStopRequest :: line 478\"  data: no]","message":null,"code":null,"errno":null}
1783439590212	FirefoxAccounts	ERROR	error POSTing /oauth/token: {"error":{},"errorString":"[Exception... \"NS_ERROR_UNKNOWN_HOST\"  nsresult: \"0x804b001e (NS_ERROR_UNKNOWN_HOST)\"  location: \"JS frame :: resource://services-common/rest.sys.mjs :: onStopRequest :: line 478\"  data: no]","message":null,"code":null,"errno":null}
1783439590212	FirefoxAccounts	ERROR	FxA rejecting with error UNKNOWN_ERROR, details: {"error":{},"errorString":"[Exception... \"NS_ERROR_UNKNOWN_HOST\"  nsresult: \"0x804b001e (NS_ERROR_UNKNOWN_HOST)\"  location: \"JS frame :: resource://services-common/rest.sys.mjs :: onStopRequest :: line 478\"  data: no]","message":null,"code":null,"errno":null}
1783439590212	Sync.SyncAuthManager	ERROR	Non-authentication error in _fetchTokenForUser: Error: UNKNOWN_ERROR(resource://gre/modules/FxAccounts.sys.mjs:1455:18) JS Stack trace: _error@FxAccounts.sys.mjs:1455:18
_errorToErrorClass@FxAccounts.sys.mjs:1438:17
getOAuthToken@FxAccounts.sys.mjs:505:28
1783439590213	Sync.ErrorHandler	ERROR	Sync encountered a login error
1783439590217	FirefoxAccounts	ERROR	error GETing /account/attached_clients: {"error":{},"errorString":"[Exception... \"NS_ERROR_UNKNOWN_HOST\"  nsresult: \"0x804b001e (NS_ERROR_UNKNOWN_HOST)\"  location: \"JS frame :: resource://services-common/rest.sys.mjs :: onStopRequest :: line 478\"  data: no]","message":null,"code":null,"errno":null}
1783439590217	FirefoxAccounts	ERROR	Could not update attached clients list : {"error":{},"errorString":"[Exception... \"NS_ERROR_UNKNOWN_HOST\"  nsresult: \"0x804b001e (NS_ERROR_UNKNOWN_HOST)\"  location: \"JS frame :: resource://services-common/rest.sys.mjs :: onStopRequest :: line 478\"  data: no]","message":null,"code":null,"errno":null}
1783439590217	FirefoxAccounts	ERROR	error GETing /account/devices?filterIdleDevicesTimestamp=1781625190214: {"error":{},"errorString":"[Exception... \"NS_ERROR_UNKNOWN_HOST\"  nsresult: \"0x804b001e (NS_ERROR_UNKNOWN_HOST)\"  location: \"JS frame :: resource://services-common/rest.sys.mjs :: onStopRequest :: line 478\"  data: no]","message":null,"code":null,"errno":null}
1783439590217	Sync.Browser	ERROR	Refreshing device list failed.: {"error":{},"errorString":"[Exception... \"NS_ERROR_UNKNOWN_HOST\"  nsresult: \"0x804b001e (NS_ERROR_UNKNOWN_HOST)\"  location: \"JS frame :: resource://services-common/rest.sys.mjs :: onStopRequest :: line 478\"  data: no]","message":null,"code":null,"errno":null}
1783439590217	Sync.Browser	ERROR	Refreshing device list failed.: {"error":{},"errorString":"[Exception... \"NS_ERROR_UNKNOWN_HOST\"  nsresult: \"0x804b001e (NS_ERROR_UNKNOWN_HOST)\"  location: \"JS frame :: resource://services-common/rest.sys.mjs :: onStopRequest :: line 478\"  data: no]","message":null,"code":null,"errno":null}
1783439590217	FirefoxAccounts	ERROR	error GETing /account/attached_clients: {"error":{},"errorString":"[Exception... \"NS_ERROR_UNKNOWN_HOST\"  nsresult: \"0x804b001e (NS_ERROR_UNKNOWN_HOST)\"  location: \"JS frame :: resource://services-common/rest.sys.mjs :: onStopRequest :: line 478\"  data: no]","message":null,"code":null,"errno":null}
1783439590218	FirefoxAccounts	ERROR	Could not update attached clients list : {"error":{},"errorString":"[Exception... \"NS_ERROR_UNKNOWN_HOST\"  nsresult: \"0x804b001e (NS_ERROR_UNKNOWN_HOST)\"  location: \"JS frame :: resource://services-common/rest.sys.mjs :: onStopRequest :: line 478\"  data: no]","message":null,"code":null,"errno":null}
1783439590242	FirefoxAccounts	ERROR	error GETing /account/attached_clients: {"error":{},"errorString":"[Exception... \"NS_ERROR_UNKNOWN_HOST\"  nsresult: \"0x804b001e (NS_ERROR_UNKNOWN_HOST)\"  location: \"JS frame :: resource://services-common/rest.sys.mjs :: onStopRequest :: line 478\"  data: no]","message":null,"code":null,"errno":null}
1783439590242	FirefoxAccounts	ERROR	Could not update attached clients list : {"error":{},"errorString":"[Exception... \"NS_ERROR_UNKNOWN_HOST\"  nsresult: \"0x804b001e (NS_ERROR_UNKNOWN_HOST)\"  location: \"JS frame :: resource://services-common/rest.sys.mjs :: onStopRequest :: line 478\"  data: no]","message":null,"code":null,"errno":null}
1783439590242	FirefoxAccounts	ERROR	error GETing /account/devices?filterIdleDevicesTimestamp=1781625190240: {"error":{},"errorString":"[Exception... \"NS_ERROR_UNKNOWN_HOST\"  nsresult: \"0x804b001e (NS_ERROR_UNKNOWN_HOST)\"  location: \"JS frame :: resource://services-common/rest.sys.mjs :: onStopRequest :: line 478\"  data: no]","message":null,"code":null,"errno":null}
1783439590242	Sync.Browser	ERROR	Refreshing device list failed.: {"error":{},"errorString":"[Exception... \"NS_ERROR_UNKNOWN_HOST\"  nsresult: \"0x804b001e (NS_ERROR_UNKNOWN_HOST)\"  location: \"JS frame :: resource://services-common/rest.sys.mjs :: onStopRequest :: line 478\"  data: no]","message":null,"code":null,"errno":null}
console.error: "Sync encountered an error - see about:sync-log for the log file."
1783439590451	FirefoxAccounts	ERROR	error GETing /account/attached_clients: {"error":{},"errorString":"[Exception... \"NS_ERROR_UNKNOWN_HOST\"  nsresult: \"0x804b001e (NS_ERROR_UNKNOWN_HOST)\"  location: \"JS frame :: resource://services-common/rest.sys.mjs :: onStopRequest :: line 478\"  data: no]","message":null,"code":null,"errno":null}
1783439590451	FirefoxAccounts	ERROR	Could not update attached clients list : {"error":{},"errorString":"[Exception... \"NS_ERROR_UNKNOWN_HOST\"  nsresult: \"0x804b001e (NS_ERROR_UNKNOWN_HOST)\"  location: \"JS frame :: resource://services-common/rest.sys.mjs :: onStopRequest :: line 478\"  data: no]","message":null,"code":null,"errno":null}
Exiting due to channel error.
1783439614100	webdriver::server	INFO	Shutting down
Exiting due to channel error.
Exiting due to channel error.
Exiting due to channel error.
1783439659151	geckodriver	INFO	Listening on 127.0.0.1:57688
1783439662218	mozrunner::runner	INFO	Running command: "C:\\Program Files\\Mozilla Firefox\\firefox.exe" "--marionette" "-profile" "C:\\Users\\ESHAAN\\AppData\\Roa ... irefox\\Profiles\\kw3a25lf.default-release" "--remote-debugging-port" "57689" "--remote-allow-hosts" "localhost" "-no-remote"
Read port: 49321
1783439662493	Marionette	INFO	Marionette enabled
1783439662533	Marionette	INFO	Listening on port 57728
WebDriver BiDi listening on ws://127.0.0.1:57689
[ERROR shell_windows::limited_access_features] Error generating feature token: NS_ERROR_FAILURE
1783439663511	FirefoxAccounts	ERROR	error POSTing /oauth/token: {"error":{},"errorString":"[Exception... \"NS_ERROR_UNKNOWN_HOST\"  nsresult: \"0x804b001e (NS_ERROR_UNKNOWN_HOST)\"  location: \"JS frame :: resource://services-common/rest.sys.mjs :: onStopRequest :: line 478\"  data: no]","message":null,"code":null,"errno":null}
1783439663511	FirefoxAccounts	ERROR	Background refresh of profile failed: {"error":{},"errorString":"[Exception... \"NS_ERROR_UNKNOWN_HOST\"  nsresult: \"0x804b001e (NS_ERROR_UNKNOWN_HOST)\"  location: \"JS frame :: resource://services-common/rest.sys.mjs :: onStopRequest :: line 478\"  data: no]","message":null,"code":null,"errno":null}
1783439663638	FirefoxAccounts	ERROR	error GETing /account/attached_clients: {"error":{},"errorString":"[Exception... \"NS_ERROR_UNKNOWN_HOST\"  nsresult: \"0x804b001e (NS_ERROR_UNKNOWN_HOST)\"  location: \"JS frame :: resource://services-common/rest.sys.mjs :: onStopRequest :: line 478\"  data: no]","message":null,"code":null,"errno":null}
1783439663638	FirefoxAccounts	ERROR	Could not update attached clients list : {"error":{},"errorString":"[Exception... \"NS_ERROR_UNKNOWN_HOST\"  nsresult: \"0x804b001e (NS_ERROR_UNKNOWN_HOST)\"  location: \"JS frame :: resource://services-common/rest.sys.mjs :: onStopRequest :: line 478\"  data: no]","message":null,"code":null,"errno":null}
1783439663663	FirefoxAccounts	ERROR	error GETing /account/attached_clients: {"error":{},"errorString":"[Exception... \"NS_ERROR_UNKNOWN_HOST\"  nsresult: \"0x804b001e (NS_ERROR_UNKNOWN_HOST)\"  location: \"JS frame :: resource://services-common/rest.sys.mjs :: onStopRequest :: line 478\"  data: no]","message":null,"code":null,"errno":null}
1783439663663	FirefoxAccounts	ERROR	Could not update attached clients list : {"error":{},"errorString":"[Exception... \"NS_ERROR_UNKNOWN_HOST\"  nsresult: \"0x804b001e (NS_ERROR_UNKNOWN_HOST)\"  location: \"JS frame :: resource://services-common/rest.sys.mjs :: onStopRequest :: line 478\"  data: no]","message":null,"code":null,"errno":null}
1783439663664	FirefoxAccounts	ERROR	error GETing /account/attached_clients: {"error":{},"errorString":"[Exception... \"NS_ERROR_UNKNOWN_HOST\"  nsresult: \"0x804b001e (NS_ERROR_UNKNOWN_HOST)\"  location: \"JS frame :: resource://services-common/rest.sys.mjs :: onStopRequest :: line 478\"  data: no]","message":null,"code":null,"errno":null}
1783439663664	FirefoxAccounts	ERROR	Could not update attached clients list : {"error":{},"errorString":"[Exception... \"NS_ERROR_UNKNOWN_HOST\"  nsresult: \"0x804b001e (NS_ERROR_UNKNOWN_HOST)\"  location: \"JS frame :: resource://services-common/rest.sys.mjs :: onStopRequest :: line 478\"  data: no]","message":null,"code":null,"errno":null}
1783439663665	FirefoxAccounts	ERROR	error GETing /account/attached_clients: {"error":{},"errorString":"[Exception... \"NS_ERROR_UNKNOWN_HOST\"  nsresult: \"0x804b001e (NS_ERROR_UNKNOWN_HOST)\"  location: \"JS frame :: resource://services-common/rest.sys.mjs :: onStopRequest :: line 478\"  data: no]","message":null,"code":null,"errno":null}
1783439663665	FirefoxAccounts	ERROR	Could not update attached clients list : {"error":{},"errorString":"[Exception... \"NS_ERROR_UNKNOWN_HOST\"  nsresult: \"0x804b001e (NS_ERROR_UNKNOWN_HOST)\"  location: \"JS frame :: resource://services-common/rest.sys.mjs :: onStopRequest :: line 478\"  data: no]","message":null,"code":null,"errno":null}
console.error: "Experiment visual-card-updates has unknown featureId: newtabRefinedCardsLayout"
console.error: "Experiment enable-nimbus-unenrollment-synchronization has unknown featureId: nimbusStore"
1783439663797	FirefoxAccounts	ERROR	error POSTing /oauth/token: {"error":{},"errorString":"[Exception... \"NS_ERROR_UNKNOWN_HOST\"  nsresult: \"0x804b001e (NS_ERROR_UNKNOWN_HOST)\"  location: \"JS frame :: resource://services-common/rest.sys.mjs :: onStopRequest :: line 478\"  data: no]","message":null,"code":null,"errno":null}
1783439663798	FirefoxAccounts	ERROR	FxA rejecting with error UNKNOWN_ERROR, details: {"error":{},"errorString":"[Exception... \"NS_ERROR_UNKNOWN_HOST\"  nsresult: \"0x804b001e (NS_ERROR_UNKNOWN_HOST)\"  location: \"JS frame :: resource://services-common/rest.sys.mjs :: onStopRequest :: line 478\"  data: no]","message":null,"code":null,"errno":null}
1783439663798	Sync.SyncAuthManager	ERROR	Non-authentication error in _fetchTokenForUser: Error: UNKNOWN_ERROR(resource://gre/modules/FxAccounts.sys.mjs:1455:18) JS Stack trace: _error@FxAccounts.sys.mjs:1455:18
_errorToErrorClass@FxAccounts.sys.mjs:1438:17
getOAuthToken@FxAccounts.sys.mjs:505:28
1783439663798	Sync.ErrorHandler	ERROR	Sync encountered a login error
1783439663841	FirefoxAccounts	ERROR	error GETing /account/attached_clients: {"error":{},"errorString":"[Exception... \"NS_ERROR_UNKNOWN_HOST\"  nsresult: \"0x804b001e (NS_ERROR_UNKNOWN_HOST)\"  location: \"JS frame :: resource://services-common/rest.sys.mjs :: onStopRequest :: line 478\"  data: no]","message":null,"code":null,"errno":null}
1783439663841	FirefoxAccounts	ERROR	Could not update attached clients list : {"error":{},"errorString":"[Exception... \"NS_ERROR_UNKNOWN_HOST\"  nsresult: \"0x804b001e (NS_ERROR_UNKNOWN_HOST)\"  location: \"JS frame :: resource://services-common/rest.sys.mjs :: onStopRequest :: line 478\"  data: no]","message":null,"code":null,"errno":null}
1783439663841	FirefoxAccounts	ERROR	error GETing /account/devices?filterIdleDevicesTimestamp=1781625263839: {"error":{},"errorString":"[Exception... \"NS_ERROR_UNKNOWN_HOST\"  nsresult: \"0x804b001e (NS_ERROR_UNKNOWN_HOST)\"  location: \"JS frame :: resource://services-common/rest.sys.mjs :: onStopRequest :: line 478\"  data: no]","message":null,"code":null,"errno":null}
1783439663841	Sync.Browser	ERROR	Refreshing device list failed.: {"error":{},"errorString":"[Exception... \"NS_ERROR_UNKNOWN_HOST\"  nsresult: \"0x804b001e (NS_ERROR_UNKNOWN_HOST)\"  location: \"JS frame :: resource://services-common/rest.sys.mjs :: onStopRequest :: line 478\"  data: no]","message":null,"code":null,"errno":null}
console.error: "Sync encountered an error - see about:sync-log for the log file."
Read port: 57728
1783439664384	RemoteAgent	WARN	TLS certificate errors will be ignored for this session
1783439664513	FirefoxAccounts	ERROR	error GETing /account/attached_clients: {"error":{},"errorString":"[Exception... \"NS_ERROR_UNKNOWN_HOST\"  nsresult: \"0x804b001e (NS_ERROR_UNKNOWN_HOST)\"  location: \"JS frame :: resource://services-common/rest.sys.mjs :: onStopRequest :: line 478\"  data: no]","message":null,"code":null,"errno":null}
1783439664513	FirefoxAccounts	ERROR	Could not update attached clients list : {"error":{},"errorString":"[Exception... \"NS_ERROR_UNKNOWN_HOST\"  nsresult: \"0x804b001e (NS_ERROR_UNKNOWN_HOST)\"  location: \"JS frame :: resource://services-common/rest.sys.mjs :: onStopRequest :: line 478\"  data: no]","message":null,"code":null,"errno":null}
1783439790976	webdriver::server	INFO	Shutting down
Exiting due to channel error.
Exiting due to channel error.
Exiting due to channel error.
Exiting due to channel error.
Exiting due to channel error.
1783441828270	geckodriver	INFO	Listening on 127.0.0.1:62225
1783441831386	mozrunner::runner	INFO	Running command: "C:\\Program Files\\Mozilla Firefox\\firefox.exe" "--marionette" "-profile" "C:\\Users\\ESHAAN\\AppData\\Roa ... irefox\\Profiles\\kw3a25lf.default-release" "--remote-debugging-port" "62226" "--remote-allow-hosts" "localhost" "-no-remote"
Read port: 57728
1783441831622	Marionette	INFO	Marionette enabled
1783441831639	Marionette	INFO	Listening on port 62257
WebDriver BiDi listening on ws://127.0.0.1:62226
[ERROR shell_windows::limited_access_features] Error generating feature token: NS_ERROR_FAILURE
1783441832426	FirefoxAccounts	ERROR	error POSTing /oauth/token: {"error":{},"errorString":"[Exception... \"NS_ERROR_UNKNOWN_HOST\"  nsresult: \"0x804b001e (NS_ERROR_UNKNOWN_HOST)\"  location: \"JS frame :: resource://services-common/rest.sys.mjs :: onStopRequest :: line 478\"  data: no]","message":null,"code":null,"errno":null}
1783441832426	FirefoxAccounts	ERROR	Background refresh of profile failed: {"error":{},"errorString":"[Exception... \"NS_ERROR_UNKNOWN_HOST\"  nsresult: \"0x804b001e (NS_ERROR_UNKNOWN_HOST)\"  location: \"JS frame :: resource://services-common/rest.sys.mjs :: onStopRequest :: line 478\"  data: no]","message":null,"code":null,"errno":null}
1783441832542	FirefoxAccounts	ERROR	error GETing /account/attached_clients: {"error":{},"errorString":"[Exception... \"NS_ERROR_UNKNOWN_HOST\"  nsresult: \"0x804b001e (NS_ERROR_UNKNOWN_HOST)\"  location: \"JS frame :: resource://services-common/rest.sys.mjs :: onStopRequest :: line 478\"  data: no]","message":null,"code":null,"errno":null}
1783441832542	FirefoxAccounts	ERROR	Could not update attached clients list : {"error":{},"errorString":"[Exception... \"NS_ERROR_UNKNOWN_HOST\"  nsresult: \"0x804b001e (NS_ERROR_UNKNOWN_HOST)\"  location: \"JS frame :: resource://services-common/rest.sys.mjs :: onStopRequest :: line 478\"  data: no]","message":null,"code":null,"errno":null}
1783441832553	FirefoxAccounts	ERROR	error GETing /account/attached_clients: {"error":{},"errorString":"[Exception... \"NS_ERROR_UNKNOWN_HOST\"  nsresult: \"0x804b001e (NS_ERROR_UNKNOWN_HOST)\"  location: \"JS frame :: resource://services-common/rest.sys.mjs :: onStopRequest :: line 478\"  data: no]","message":null,"code":null,"errno":null}
1783441832553	FirefoxAccounts	ERROR	Could not update attached clients list : {"error":{},"errorString":"[Exception... \"NS_ERROR_UNKNOWN_HOST\"  nsresult: \"0x804b001e (NS_ERROR_UNKNOWN_HOST)\"  location: \"JS frame :: resource://services-common/rest.sys.mjs :: onStopRequest :: line 478\"  data: no]","message":null,"code":null,"errno":null}
1783441832555	FirefoxAccounts	ERROR	error GETing /account/attached_clients: {"error":{},"errorString":"[Exception... \"NS_ERROR_UNKNOWN_HOST\"  nsresult: \"0x804b001e (NS_ERROR_UNKNOWN_HOST)\"  location: \"JS frame :: resource://services-common/rest.sys.mjs :: onStopRequest :: line 478\"  data: no]","message":null,"code":null,"errno":null}
1783441832555	FirefoxAccounts	ERROR	Could not update attached clients list : {"error":{},"errorString":"[Exception... \"NS_ERROR_UNKNOWN_HOST\"  nsresult: \"0x804b001e (NS_ERROR_UNKNOWN_HOST)\"  location: \"JS frame :: resource://services-common/rest.sys.mjs :: onStopRequest :: line 478\"  data: no]","message":null,"code":null,"errno":null}
1783441832557	FirefoxAccounts	ERROR	error GETing /account/attached_clients: {"error":{},"errorString":"[Exception... \"NS_ERROR_UNKNOWN_HOST\"  nsresult: \"0x804b001e (NS_ERROR_UNKNOWN_HOST)\"  location: \"JS frame :: resource://services-common/rest.sys.mjs :: onStopRequest :: line 478\"  data: no]","message":null,"code":null,"errno":null}
1783441832557	FirefoxAccounts	ERROR	Could not update attached clients list : {"error":{},"errorString":"[Exception... \"NS_ERROR_UNKNOWN_HOST\"  nsresult: \"0x804b001e (NS_ERROR_UNKNOWN_HOST)\"  location: \"JS frame :: resource://services-common/rest.sys.mjs :: onStopRequest :: line 478\"  data: no]","message":null,"code":null,"errno":null}
console.error: "Experiment visual-card-updates has unknown featureId: newtabRefinedCardsLayout"
console.error: "Experiment enable-nimbus-unenrollment-synchronization has unknown featureId: nimbusStore"
1783441832677	FirefoxAccounts	ERROR	error GETing /account/attached_clients: {"error":{},"errorString":"[Exception... \"NS_ERROR_UNKNOWN_HOST\"  nsresult: \"0x804b001e (NS_ERROR_UNKNOWN_HOST)\"  location: \"JS frame :: resource://services-common/rest.sys.mjs :: onStopRequest :: line 478\"  data: no]","message":null,"code":null,"errno":null}
1783441832677	FirefoxAccounts	ERROR	Could not update attached clients list : {"error":{},"errorString":"[Exception... \"NS_ERROR_UNKNOWN_HOST\"  nsresult: \"0x804b001e (NS_ERROR_UNKNOWN_HOST)\"  location: \"JS frame :: resource://services-common/rest.sys.mjs :: onStopRequest :: line 478\"  data: no]","message":null,"code":null,"errno":null}
1783441832677	FirefoxAccounts	ERROR	error GETing /account/devices?filterIdleDevicesTimestamp=1781627432670: {"error":{},"errorString":"[Exception... \"NS_ERROR_UNKNOWN_HOST\"  nsresult: \"0x804b001e (NS_ERROR_UNKNOWN_HOST)\"  location: \"JS frame :: resource://services-common/rest.sys.mjs :: onStopRequest :: line 478\"  data: no]","message":null,"code":null,"errno":null}
1783441832677	Sync.Browser	ERROR	Refreshing device list failed.: {"error":{},"errorString":"[Exception... \"NS_ERROR_UNKNOWN_HOST\"  nsresult: \"0x804b001e (NS_ERROR_UNKNOWN_HOST)\"  location: \"JS frame :: resource://services-common/rest.sys.mjs :: onStopRequest :: line 478\"  data: no]","message":null,"code":null,"errno":null}
1783441832678	FirefoxAccounts	ERROR	error POSTing /oauth/token: {"error":{},"errorString":"[Exception... \"NS_ERROR_UNKNOWN_HOST\"  nsresult: \"0x804b001e (NS_ERROR_UNKNOWN_HOST)\"  location: \"JS frame :: resource://services-common/rest.sys.mjs :: onStopRequest :: line 478\"  data: no]","message":null,"code":null,"errno":null}
1783441832678	FirefoxAccounts	ERROR	FxA rejecting with error UNKNOWN_ERROR, details: {"error":{},"errorString":"[Exception... \"NS_ERROR_UNKNOWN_HOST\"  nsresult: \"0x804b001e (NS_ERROR_UNKNOWN_HOST)\"  location: \"JS frame :: resource://services-common/rest.sys.mjs :: onStopRequest :: line 478\"  data: no]","message":null,"code":null,"errno":null}
1783441832678	Sync.SyncAuthManager	ERROR	Non-authentication error in _fetchTokenForUser: Error: UNKNOWN_ERROR(resource://gre/modules/FxAccounts.sys.mjs:1455:18) JS Stack trace: _error@FxAccounts.sys.mjs:1455:18
_errorToErrorClass@FxAccounts.sys.mjs:1438:17
getOAuthToken@FxAccounts.sys.mjs:505:28
1783441832678	Sync.ErrorHandler	ERROR	Sync encountered a login error
1783441832684	FirefoxAccounts	ERROR	error GETing /account/attached_clients: {"error":{},"errorString":"[Exception... \"NS_ERROR_UNKNOWN_HOST\"  nsresult: \"0x804b001e (NS_ERROR_UNKNOWN_HOST)\"  location: \"JS frame :: resource://services-common/rest.sys.mjs :: onStopRequest :: line 478\"  data: no]","message":null,"code":null,"errno":null}
1783441832684	FirefoxAccounts	ERROR	Could not update attached clients list : {"error":{},"errorString":"[Exception... \"NS_ERROR_UNKNOWN_HOST\"  nsresult: \"0x804b001e (NS_ERROR_UNKNOWN_HOST)\"  location: \"JS frame :: resource://services-common/rest.sys.mjs :: onStopRequest :: line 478\"  data: no]","message":null,"code":null,"errno":null}
1783441832685	FirefoxAccounts	ERROR	error GETing /account/devices?filterIdleDevicesTimestamp=1781627432680: {"error":{},"errorString":"[Exception... \"NS_ERROR_UNKNOWN_HOST\"  nsresult: \"0x804b001e (NS_ERROR_UNKNOWN_HOST)\"  location: \"JS frame :: resource://services-common/rest.sys.mjs :: onStopRequest :: line 478\"  data: no]","message":null,"code":null,"errno":null}
1783441832685	Sync.Browser	ERROR	Refreshing device list failed.: {"error":{},"errorString":"[Exception... \"NS_ERROR_UNKNOWN_HOST\"  nsresult: \"0x804b001e (NS_ERROR_UNKNOWN_HOST)\"  location: \"JS frame :: resource://services-common/rest.sys.mjs :: onStopRequest :: line 478\"  data: no]","message":null,"code":null,"errno":null}
1783441832685	Sync.Browser	ERROR	Refreshing device list failed.: {"error":{},"errorString":"[Exception... \"NS_ERROR_UNKNOWN_HOST\"  nsresult: \"0x804b001e (NS_ERROR_UNKNOWN_HOST)\"  location: \"JS frame :: resource://services-common/rest.sys.mjs :: onStopRequest :: line 478\"  data: no]","message":null,"code":null,"errno":null}
1783441832685	FirefoxAccounts	ERROR	error GETing /account/attached_clients: {"error":{},"errorString":"[Exception... \"NS_ERROR_UNKNOWN_HOST\"  nsresult: \"0x804b001e (NS_ERROR_UNKNOWN_HOST)\"  location: \"JS frame :: resource://services-common/rest.sys.mjs :: onStopRequest :: line 478\"  data: no]","message":null,"code":null,"errno":null}
1783441832685	FirefoxAccounts	ERROR	Could not update attached clients list : {"error":{},"errorString":"[Exception... \"NS_ERROR_UNKNOWN_HOST\"  nsresult: \"0x804b001e (NS_ERROR_UNKNOWN_HOST)\"  location: \"JS frame :: resource://services-common/rest.sys.mjs :: onStopRequest :: line 478\"  data: no]","message":null,"code":null,"errno":null}
1783441832723	FirefoxAccounts	ERROR	error GETing /account/attached_clients: {"error":{},"errorString":"[Exception... \"NS_ERROR_UNKNOWN_HOST\"  nsresult: \"0x804b001e (NS_ERROR_UNKNOWN_HOST)\"  location: \"JS frame :: resource://services-common/rest.sys.mjs :: onStopRequest :: line 478\"  data: no]","message":null,"code":null,"errno":null}
1783441832723	FirefoxAccounts	ERROR	Could not update attached clients list : {"error":{},"errorString":"[Exception... \"NS_ERROR_UNKNOWN_HOST\"  nsresult: \"0x804b001e (NS_ERROR_UNKNOWN_HOST)\"  location: \"JS frame :: resource://services-common/rest.sys.mjs :: onStopRequest :: line 478\"  data: no]","message":null,"code":null,"errno":null}
1783441832723	FirefoxAccounts	ERROR	error GETing /account/devices?filterIdleDevicesTimestamp=1781627432721: {"error":{},"errorString":"[Exception... \"NS_ERROR_UNKNOWN_HOST\"  nsresult: \"0x804b001e (NS_ERROR_UNKNOWN_HOST)\"  location: \"JS frame :: resource://services-common/rest.sys.mjs :: onStopRequest :: line 478\"  data: no]","message":null,"code":null,"errno":null}
1783441832723	Sync.Browser	ERROR	Refreshing device list failed.: {"error":{},"errorString":"[Exception... \"NS_ERROR_UNKNOWN_HOST\"  nsresult: \"0x804b001e (NS_ERROR_UNKNOWN_HOST)\"  location: \"JS frame :: resource://services-common/rest.sys.mjs :: onStopRequest :: line 478\"  data: no]","message":null,"code":null,"errno":null}
console.error: "Sync encountered an error - see about:sync-log for the log file."
Read port: 62257
1783441833544	RemoteAgent	WARN	TLS certificate errors will be ignored for this session
1783441833643	FirefoxAccounts	ERROR	error GETing /account/attached_clients: {"error":{},"errorString":"[Exception... \"NS_ERROR_UNKNOWN_HOST\"  nsresult: \"0x804b001e (NS_ERROR_UNKNOWN_HOST)\"  location: \"JS frame :: resource://services-common/rest.sys.mjs :: onStopRequest :: line 478\"  data: no]","message":null,"code":null,"errno":null}
1783441833644	FirefoxAccounts	ERROR	Could not update attached clients list : {"error":{},"errorString":"[Exception... \"NS_ERROR_UNKNOWN_HOST\"  nsresult: \"0x804b001e (NS_ERROR_UNKNOWN_HOST)\"  location: \"JS frame :: resource://services-common/rest.sys.mjs :: onStopRequest :: line 478\"  data: no]","message":null,"code":null,"errno":null}
1783441956587	webdriver::server	INFO	Shutting down
Exiting due to channel error.
Exiting due to channel error.
Exiting due to channel error.
1783504439452	geckodriver	INFO	Listening on 127.0.0.1:52656
1783504442569	mozrunner::runner	INFO	Running command: "C:\\Program Files\\Mozilla Firefox\\firefox.exe" "--marionette" "-profile" "C:\\Users\\ESHAAN\\AppData\\Roa ... irefox\\Profiles\\kw3a25lf.default-release" "--remote-debugging-port" "52657" "--remote-allow-hosts" "localhost" "-no-remote"
Read port: 62257
1783504442901	Marionette	INFO	Marionette enabled
1783504442917	Marionette	INFO	Listening on port 52667
WebDriver BiDi listening on ws://127.0.0.1:52657
[ERROR shell_windows::limited_access_features] Error generating feature token: NS_ERROR_FAILURE
1783504443739	FirefoxAccounts	ERROR	error POSTing /oauth/token: {"error":{},"errorString":"[Exception... \"NS_ERROR_UNKNOWN_HOST\"  nsresult: \"0x804b001e (NS_ERROR_UNKNOWN_HOST)\"  location: \"JS frame :: resource://services-common/rest.sys.mjs :: onStopRequest :: line 478\"  data: no]","message":null,"code":null,"errno":null}
1783504443739	FirefoxAccounts	ERROR	Background refresh of profile failed: {"error":{},"errorString":"[Exception... \"NS_ERROR_UNKNOWN_HOST\"  nsresult: \"0x804b001e (NS_ERROR_UNKNOWN_HOST)\"  location: \"JS frame :: resource://services-common/rest.sys.mjs :: onStopRequest :: line 478\"  data: no]","message":null,"code":null,"errno":null}
1783504443827	FirefoxAccounts	ERROR	error GETing /account/attached_clients: {"error":{},"errorString":"[Exception... \"NS_ERROR_UNKNOWN_HOST\"  nsresult: \"0x804b001e (NS_ERROR_UNKNOWN_HOST)\"  location: \"JS frame :: resource://services-common/rest.sys.mjs :: onStopRequest :: line 478\"  data: no]","message":null,"code":null,"errno":null}
1783504443827	FirefoxAccounts	ERROR	Could not update attached clients list : {"error":{},"errorString":"[Exception... \"NS_ERROR_UNKNOWN_HOST\"  nsresult: \"0x804b001e (NS_ERROR_UNKNOWN_HOST)\"  location: \"JS frame :: resource://services-common/rest.sys.mjs :: onStopRequest :: line 478\"  data: no]","message":null,"code":null,"errno":null}
1783504443849	FirefoxAccounts	ERROR	error GETing /account/attached_clients: {"error":{},"errorString":"[Exception... \"NS_ERROR_UNKNOWN_HOST\"  nsresult: \"0x804b001e (NS_ERROR_UNKNOWN_HOST)\"  location: \"JS frame :: resource://services-common/rest.sys.mjs :: onStopRequest :: line 478\"  data: no]","message":null,"code":null,"errno":null}
1783504443849	FirefoxAccounts	ERROR	Could not update attached clients list : {"error":{},"errorString":"[Exception... \"NS_ERROR_UNKNOWN_HOST\"  nsresult: \"0x804b001e (NS_ERROR_UNKNOWN_HOST)\"  location: \"JS frame :: resource://services-common/rest.sys.mjs :: onStopRequest :: line 478\"  data: no]","message":null,"code":null,"errno":null}
1783504443851	FirefoxAccounts	ERROR	error GETing /account/attached_clients: {"error":{},"errorString":"[Exception... \"NS_ERROR_UNKNOWN_HOST\"  nsresult: \"0x804b001e (NS_ERROR_UNKNOWN_HOST)\"  location: \"JS frame :: resource://services-common/rest.sys.mjs :: onStopRequest :: line 478\"  data: no]","message":null,"code":null,"errno":null}
1783504443851	FirefoxAccounts	ERROR	Could not update attached clients list : {"error":{},"errorString":"[Exception... \"NS_ERROR_UNKNOWN_HOST\"  nsresult: \"0x804b001e (NS_ERROR_UNKNOWN_HOST)\"  location: \"JS frame :: resource://services-common/rest.sys.mjs :: onStopRequest :: line 478\"  data: no]","message":null,"code":null,"errno":null}
1783504443853	FirefoxAccounts	ERROR	error GETing /account/attached_clients: {"error":{},"errorString":"[Exception... \"NS_ERROR_UNKNOWN_HOST\"  nsresult: \"0x804b001e (NS_ERROR_UNKNOWN_HOST)\"  location: \"JS frame :: resource://services-common/rest.sys.mjs :: onStopRequest :: line 478\"  data: no]","message":null,"code":null,"errno":null}
1783504443853	FirefoxAccounts	ERROR	Could not update attached clients list : {"error":{},"errorString":"[Exception... \"NS_ERROR_UNKNOWN_HOST\"  nsresult: \"0x804b001e (NS_ERROR_UNKNOWN_HOST)\"  location: \"JS frame :: resource://services-common/rest.sys.mjs :: onStopRequest :: line 478\"  data: no]","message":null,"code":null,"errno":null}
console.error: "Experiment visual-card-updates has unknown featureId: newtabRefinedCardsLayout"
console.error: "Experiment enable-nimbus-unenrollment-synchronization has unknown featureId: nimbusStore"
1783504443989	FirefoxAccounts	ERROR	error GETing /account/attached_clients: {"error":{},"errorString":"[Exception... \"NS_ERROR_UNKNOWN_HOST\"  nsresult: \"0x804b001e (NS_ERROR_UNKNOWN_HOST)\"  location: \"JS frame :: resource://services-common/rest.sys.mjs :: onStopRequest :: line 478\"  data: no]","message":null,"code":null,"errno":null}
1783504443989	FirefoxAccounts	ERROR	Could not update attached clients list : {"error":{},"errorString":"[Exception... \"NS_ERROR_UNKNOWN_HOST\"  nsresult: \"0x804b001e (NS_ERROR_UNKNOWN_HOST)\"  location: \"JS frame :: resource://services-common/rest.sys.mjs :: onStopRequest :: line 478\"  data: no]","message":null,"code":null,"errno":null}
1783504443989	FirefoxAccounts	ERROR	error GETing /account/devices?filterIdleDevicesTimestamp=1781690043981: {"error":{},"errorString":"[Exception... \"NS_ERROR_UNKNOWN_HOST\"  nsresult: \"0x804b001e (NS_ERROR_UNKNOWN_HOST)\"  location: \"JS frame :: resource://services-common/rest.sys.mjs :: onStopRequest :: line 478\"  data: no]","message":null,"code":null,"errno":null}
1783504443990	Sync.Browser	ERROR	Refreshing device list failed.: {"error":{},"errorString":"[Exception... \"NS_ERROR_UNKNOWN_HOST\"  nsresult: \"0x804b001e (NS_ERROR_UNKNOWN_HOST)\"  location: \"JS frame :: resource://services-common/rest.sys.mjs :: onStopRequest :: line 478\"  data: no]","message":null,"code":null,"errno":null}
1783504443990	FirefoxAccounts	ERROR	error POSTing /oauth/token: {"error":{},"errorString":"[Exception... \"NS_ERROR_UNKNOWN_HOST\"  nsresult: \"0x804b001e (NS_ERROR_UNKNOWN_HOST)\"  location: \"JS frame :: resource://services-common/rest.sys.mjs :: onStopRequest :: line 478\"  data: no]","message":null,"code":null,"errno":null}
1783504443990	FirefoxAccounts	ERROR	FxA rejecting with error UNKNOWN_ERROR, details: {"error":{},"errorString":"[Exception... \"NS_ERROR_UNKNOWN_HOST\"  nsresult: \"0x804b001e (NS_ERROR_UNKNOWN_HOST)\"  location: \"JS frame :: resource://services-common/rest.sys.mjs :: onStopRequest :: line 478\"  data: no]","message":null,"code":null,"errno":null}
1783504443991	Sync.SyncAuthManager	ERROR	Non-authentication error in _fetchTokenForUser: Error: UNKNOWN_ERROR(resource://gre/modules/FxAccounts.sys.mjs:1455:18) JS Stack trace: _error@FxAccounts.sys.mjs:1455:18
_errorToErrorClass@FxAccounts.sys.mjs:1438:17
getOAuthToken@FxAccounts.sys.mjs:505:28
1783504443991	Sync.ErrorHandler	ERROR	Sync encountered a login error
1783504443999	FirefoxAccounts	ERROR	error GETing /account/attached_clients: {"error":{},"errorString":"[Exception... \"NS_ERROR_UNKNOWN_HOST\"  nsresult: \"0x804b001e (NS_ERROR_UNKNOWN_HOST)\"  location: \"JS frame :: resource://services-common/rest.sys.mjs :: onStopRequest :: line 478\"  data: no]","message":null,"code":null,"errno":null}
1783504443999	FirefoxAccounts	ERROR	Could not update attached clients list : {"error":{},"errorString":"[Exception... \"NS_ERROR_UNKNOWN_HOST\"  nsresult: \"0x804b001e (NS_ERROR_UNKNOWN_HOST)\"  location: \"JS frame :: resource://services-common/rest.sys.mjs :: onStopRequest :: line 478\"  data: no]","message":null,"code":null,"errno":null}
1783504444000	FirefoxAccounts	ERROR	error GETing /account/devices?filterIdleDevicesTimestamp=1781690043993: {"error":{},"errorString":"[Exception... \"NS_ERROR_UNKNOWN_HOST\"  nsresult: \"0x804b001e (NS_ERROR_UNKNOWN_HOST)\"  location: \"JS frame :: resource://services-common/rest.sys.mjs :: onStopRequest :: line 478\"  data: no]","message":null,"code":null,"errno":null}
1783504444000	Sync.Browser	ERROR	Refreshing device list failed.: {"error":{},"errorString":"[Exception... \"NS_ERROR_UNKNOWN_HOST\"  nsresult: \"0x804b001e (NS_ERROR_UNKNOWN_HOST)\"  location: \"JS frame :: resource://services-common/rest.sys.mjs :: onStopRequest :: line 478\"  data: no]","message":null,"code":null,"errno":null}
1783504444000	Sync.Browser	ERROR	Refreshing device list failed.: {"error":{},"errorString":"[Exception... \"NS_ERROR_UNKNOWN_HOST\"  nsresult: \"0x804b001e (NS_ERROR_UNKNOWN_HOST)\"  location: \"JS frame :: resource://services-common/rest.sys.mjs :: onStopRequest :: line 478\"  data: no]","message":null,"code":null,"errno":null}
1783504444000	FirefoxAccounts	ERROR	error GETing /account/attached_clients: {"error":{},"errorString":"[Exception... \"NS_ERROR_UNKNOWN_HOST\"  nsresult: \"0x804b001e (NS_ERROR_UNKNOWN_HOST)\"  location: \"JS frame :: resource://services-common/rest.sys.mjs :: onStopRequest :: line 478\"  data: no]","message":null,"code":null,"errno":null}
1783504444000	FirefoxAccounts	ERROR	Could not update attached clients list : {"error":{},"errorString":"[Exception... \"NS_ERROR_UNKNOWN_HOST\"  nsresult: \"0x804b001e (NS_ERROR_UNKNOWN_HOST)\"  location: \"JS frame :: resource://services-common/rest.sys.mjs :: onStopRequest :: line 478\"  data: no]","message":null,"code":null,"errno":null}
1783504444019	FirefoxAccounts	ERROR	error GETing /account/attached_clients: {"error":{},"errorString":"[Exception... \"NS_ERROR_UNKNOWN_HOST\"  nsresult: \"0x804b001e (NS_ERROR_UNKNOWN_HOST)\"  location: \"JS frame :: resource://services-common/rest.sys.mjs :: onStopRequest :: line 478\"  data: no]","message":null,"code":null,"errno":null}
1783504444019	FirefoxAccounts	ERROR	Could not update attached clients list : {"error":{},"errorString":"[Exception... \"NS_ERROR_UNKNOWN_HOST\"  nsresult: \"0x804b001e (NS_ERROR_UNKNOWN_HOST)\"  location: \"JS frame :: resource://services-common/rest.sys.mjs :: onStopRequest :: line 478\"  data: no]","message":null,"code":null,"errno":null}
1783504444019	FirefoxAccounts	ERROR	error GETing /account/devices?filterIdleDevicesTimestamp=1781690044017: {"error":{},"errorString":"[Exception... \"NS_ERROR_UNKNOWN_HOST\"  nsresult: \"0x804b001e (NS_ERROR_UNKNOWN_HOST)\"  location: \"JS frame :: resource://services-common/rest.sys.mjs :: onStopRequest :: line 478\"  data: no]","message":null,"code":null,"errno":null}
1783504444019	Sync.Browser	ERROR	Refreshing device list failed.: {"error":{},"errorString":"[Exception... \"NS_ERROR_UNKNOWN_HOST\"  nsresult: \"0x804b001e (NS_ERROR_UNKNOWN_HOST)\"  location: \"JS frame :: resource://services-common/rest.sys.mjs :: onStopRequest :: line 478\"  data: no]","message":null,"code":null,"errno":null}
console.error: "Sync encountered an error - see about:sync-log for the log file."
Read port: 52667
1783504444733	RemoteAgent	WARN	TLS certificate errors will be ignored for this session
1783504444835	FirefoxAccounts	ERROR	error GETing /account/attached_clients: {"error":{},"errorString":"[Exception... \"NS_ERROR_UNKNOWN_HOST\"  nsresult: \"0x804b001e (NS_ERROR_UNKNOWN_HOST)\"  location: \"JS frame :: resource://services-common/rest.sys.mjs :: onStopRequest :: line 478\"  data: no]","message":null,"code":null,"errno":null}
1783504444836	FirefoxAccounts	ERROR	Could not update attached clients list : {"error":{},"errorString":"[Exception... \"NS_ERROR_UNKNOWN_HOST\"  nsresult: \"0x804b001e (NS_ERROR_UNKNOWN_HOST)\"  location: \"JS frame :: resource://services-common/rest.sys.mjs :: onStopRequest :: line 478\"  data: no]","message":null,"code":null,"errno":null}
1783504595102	Marionette	INFO	Stopped listening on port 52667
JavaScript warning: https://static-assets-web.flixcart.com/fk-sp-static/script/928.6d44969dea6ae4571e58.js, line 2: Script terminated by timeout at:
p@https://static-assets-web.flixcart.com/fk-sp-static/script/928.6d44969dea6ae4571e58.js:2:2248762

1783575204615	geckodriver	INFO	Listening on 127.0.0.1:62128
1783575207731	mozrunner::runner	INFO	Running command: "C:\\Program Files\\Mozilla Firefox\\firefox.exe" "--marionette" "-profile" "C:\\Users\\ESHAAN\\AppData\\Roa ... irefox\\Profiles\\kw3a25lf.default-release" "--remote-debugging-port" "62129" "--remote-allow-hosts" "localhost" "-no-remote"
1783575207987	Marionette	INFO	Marionette enabled
1783575208005	Marionette	INFO	Listening on port 62140
WebDriver BiDi listening on ws://127.0.0.1:62129
Read port: 62140
1783575208100	RemoteAgent	WARN	TLS certificate errors will be ignored for this session
[ERROR shell_windows::limited_access_features] Error generating feature token: NS_ERROR_FAILURE
1783575208892	FirefoxAccounts	ERROR	error POSTing /oauth/token: {"error":{},"errorString":"[Exception... \"NS_ERROR_UNKNOWN_HOST\"  nsresult: \"0x804b001e (NS_ERROR_UNKNOWN_HOST)\"  location: \"JS frame :: resource://services-common/rest.sys.mjs :: onStopRequest :: line 478\"  data: no]","message":null,"code":null,"errno":null}
1783575208893	FirefoxAccounts	ERROR	Background refresh of profile failed: {"error":{},"errorString":"[Exception... \"NS_ERROR_UNKNOWN_HOST\"  nsresult: \"0x804b001e (NS_ERROR_UNKNOWN_HOST)\"  location: \"JS frame :: resource://services-common/rest.sys.mjs :: onStopRequest :: line 478\"  data: no]","message":null,"code":null,"errno":null}
1783575209014	FirefoxAccounts	ERROR	error GETing /account/attached_clients: {"error":{},"errorString":"[Exception... \"NS_ERROR_UNKNOWN_HOST\"  nsresult: \"0x804b001e (NS_ERROR_UNKNOWN_HOST)\"  location: \"JS frame :: resource://services-common/rest.sys.mjs :: onStopRequest :: line 478\"  data: no]","message":null,"code":null,"errno":null}
1783575209014	FirefoxAccounts	ERROR	Could not update attached clients list : {"error":{},"errorString":"[Exception... \"NS_ERROR_UNKNOWN_HOST\"  nsresult: \"0x804b001e (NS_ERROR_UNKNOWN_HOST)\"  location: \"JS frame :: resource://services-common/rest.sys.mjs :: onStopRequest :: line 478\"  data: no]","message":null,"code":null,"errno":null}
1783575209032	FirefoxAccounts	ERROR	error GETing /account/attached_clients: {"error":{},"errorString":"[Exception... \"NS_ERROR_UNKNOWN_HOST\"  nsresult: \"0x804b001e (NS_ERROR_UNKNOWN_HOST)\"  location: \"JS frame :: resource://services-common/rest.sys.mjs :: onStopRequest :: line 478\"  data: no]","message":null,"code":null,"errno":null}
1783575209032	FirefoxAccounts	ERROR	Could not update attached clients list : {"error":{},"errorString":"[Exception... \"NS_ERROR_UNKNOWN_HOST\"  nsresult: \"0x804b001e (NS_ERROR_UNKNOWN_HOST)\"  location: \"JS frame :: resource://services-common/rest.sys.mjs :: onStopRequest :: line 478\"  data: no]","message":null,"code":null,"errno":null}
1783575209035	FirefoxAccounts	ERROR	error GETing /account/attached_clients: {"error":{},"errorString":"[Exception... \"NS_ERROR_UNKNOWN_HOST\"  nsresult: \"0x804b001e (NS_ERROR_UNKNOWN_HOST)\"  location: \"JS frame :: resource://services-common/rest.sys.mjs :: onStopRequest :: line 478\"  data: no]","message":null,"code":null,"errno":null}
1783575209035	FirefoxAccounts	ERROR	Could not update attached clients list : {"error":{},"errorString":"[Exception... \"NS_ERROR_UNKNOWN_HOST\"  nsresult: \"0x804b001e (NS_ERROR_UNKNOWN_HOST)\"  location: \"JS frame :: resource://services-common/rest.sys.mjs :: onStopRequest :: line 478\"  data: no]","message":null,"code":null,"errno":null}
1783575209037	FirefoxAccounts	ERROR	error GETing /account/attached_clients: {"error":{},"errorString":"[Exception... \"NS_ERROR_UNKNOWN_HOST\"  nsresult: \"0x804b001e (NS_ERROR_UNKNOWN_HOST)\"  location: \"JS frame :: resource://services-common/rest.sys.mjs :: onStopRequest :: line 478\"  data: no]","message":null,"code":null,"errno":null}
1783575209037	FirefoxAccounts	ERROR	Could not update attached clients list : {"error":{},"errorString":"[Exception... \"NS_ERROR_UNKNOWN_HOST\"  nsresult: \"0x804b001e (NS_ERROR_UNKNOWN_HOST)\"  location: \"JS frame :: resource://services-common/rest.sys.mjs :: onStopRequest :: line 478\"  data: no]","message":null,"code":null,"errno":null}
console.error: "Experiment visual-card-updates has unknown featureId: newtabRefinedCardsLayout"
console.error: "Experiment enable-nimbus-unenrollment-synchronization has unknown featureId: nimbusStore"
1783575209182	FirefoxAccounts	ERROR	error GETing /account/attached_clients: {"error":{},"errorString":"[Exception... \"NS_ERROR_UNKNOWN_HOST\"  nsresult: \"0x804b001e (NS_ERROR_UNKNOWN_HOST)\"  location: \"JS frame :: resource://services-common/rest.sys.mjs :: onStopRequest :: line 478\"  data: no]","message":null,"code":null,"errno":null}
1783575209182	FirefoxAccounts	ERROR	Could not update attached clients list : {"error":{},"errorString":"[Exception... \"NS_ERROR_UNKNOWN_HOST\"  nsresult: \"0x804b001e (NS_ERROR_UNKNOWN_HOST)\"  location: \"JS frame :: resource://services-common/rest.sys.mjs :: onStopRequest :: line 478\"  data: no]","message":null,"code":null,"errno":null}
1783575209183	FirefoxAccounts	ERROR	error GETing /account/devices?filterIdleDevicesTimestamp=1781760809168: {"error":{},"errorString":"[Exception... \"NS_ERROR_UNKNOWN_HOST\"  nsresult: \"0x804b001e (NS_ERROR_UNKNOWN_HOST)\"  location: \"JS frame :: resource://services-common/rest.sys.mjs :: onStopRequest :: line 478\"  data: no]","message":null,"code":null,"errno":null}
1783575209183	Sync.Browser	ERROR	Refreshing device list failed.: {"error":{},"errorString":"[Exception... \"NS_ERROR_UNKNOWN_HOST\"  nsresult: \"0x804b001e (NS_ERROR_UNKNOWN_HOST)\"  location: \"JS frame :: resource://services-common/rest.sys.mjs :: onStopRequest :: line 478\"  data: no]","message":null,"code":null,"errno":null}
1783575209184	FirefoxAccounts	ERROR	error POSTing /oauth/token: {"error":{},"errorString":"[Exception... \"NS_ERROR_UNKNOWN_HOST\"  nsresult: \"0x804b001e (NS_ERROR_UNKNOWN_HOST)\"  location: \"JS frame :: resource://services-common/rest.sys.mjs :: onStopRequest :: line 478\"  data: no]","message":null,"code":null,"errno":null}
1783575209184	FirefoxAccounts	ERROR	FxA rejecting with error UNKNOWN_ERROR, details: {"error":{},"errorString":"[Exception... \"NS_ERROR_UNKNOWN_HOST\"  nsresult: \"0x804b001e (NS_ERROR_UNKNOWN_HOST)\"  location: \"JS frame :: resource://services-common/rest.sys.mjs :: onStopRequest :: line 478\"  data: no]","message":null,"code":null,"errno":null}
1783575209184	Sync.SyncAuthManager	ERROR	Non-authentication error in _fetchTokenForUser: Error: UNKNOWN_ERROR(resource://gre/modules/FxAccounts.sys.mjs:1455:18) JS Stack trace: _error@FxAccounts.sys.mjs:1455:18
_errorToErrorClass@FxAccounts.sys.mjs:1438:17
getOAuthToken@FxAccounts.sys.mjs:505:28
1783575209184	Sync.ErrorHandler	ERROR	Sync encountered a login error
1783575209193	FirefoxAccounts	ERROR	error GETing /account/attached_clients: {"error":{},"errorString":"[Exception... \"NS_ERROR_UNKNOWN_HOST\"  nsresult: \"0x804b001e (NS_ERROR_UNKNOWN_HOST)\"  location: \"JS frame :: resource://services-common/rest.sys.mjs :: onStopRequest :: line 478\"  data: no]","message":null,"code":null,"errno":null}
1783575209193	FirefoxAccounts	ERROR	Could not update attached clients list : {"error":{},"errorString":"[Exception... \"NS_ERROR_UNKNOWN_HOST\"  nsresult: \"0x804b001e (NS_ERROR_UNKNOWN_HOST)\"  location: \"JS frame :: resource://services-common/rest.sys.mjs :: onStopRequest :: line 478\"  data: no]","message":null,"code":null,"errno":null}
1783575209194	FirefoxAccounts	ERROR	error GETing /account/devices?filterIdleDevicesTimestamp=1781760809186: {"error":{},"errorString":"[Exception... \"NS_ERROR_UNKNOWN_HOST\"  nsresult: \"0x804b001e (NS_ERROR_UNKNOWN_HOST)\"  location: \"JS frame :: resource://services-common/rest.sys.mjs :: onStopRequest :: line 478\"  data: no]","message":null,"code":null,"errno":null}
1783575209194	Sync.Browser	ERROR	Refreshing device list failed.: {"error":{},"errorString":"[Exception... \"NS_ERROR_UNKNOWN_HOST\"  nsresult: \"0x804b001e (NS_ERROR_UNKNOWN_HOST)\"  location: \"JS frame :: resource://services-common/rest.sys.mjs :: onStopRequest :: line 478\"  data: no]","message":null,"code":null,"errno":null}
1783575209194	Sync.Browser	ERROR	Refreshing device list failed.: {"error":{},"errorString":"[Exception... \"NS_ERROR_UNKNOWN_HOST\"  nsresult: \"0x804b001e (NS_ERROR_UNKNOWN_HOST)\"  location: \"JS frame :: resource://services-common/rest.sys.mjs :: onStopRequest :: line 478\"  data: no]","message":null,"code":null,"errno":null}
1783575209194	FirefoxAccounts	ERROR	error GETing /account/attached_clients: {"error":{},"errorString":"[Exception... \"NS_ERROR_UNKNOWN_HOST\"  nsresult: \"0x804b001e (NS_ERROR_UNKNOWN_HOST)\"  location: \"JS frame :: resource://services-common/rest.sys.mjs :: onStopRequest :: line 478\"  data: no]","message":null,"code":null,"errno":null}
1783575209194	FirefoxAccounts	ERROR	Could not update attached clients list : {"error":{},"errorString":"[Exception... \"NS_ERROR_UNKNOWN_HOST\"  nsresult: \"0x804b001e (NS_ERROR_UNKNOWN_HOST)\"  location: \"JS frame :: resource://services-common/rest.sys.mjs :: onStopRequest :: line 478\"  data: no]","message":null,"code":null,"errno":null}
1783575209267	FirefoxAccounts	ERROR	error GETing /account/attached_clients: {"error":{},"errorString":"[Exception... \"NS_ERROR_UNKNOWN_HOST\"  nsresult: \"0x804b001e (NS_ERROR_UNKNOWN_HOST)\"  location: \"JS frame :: resource://services-common/rest.sys.mjs :: onStopRequest :: line 478\"  data: no]","message":null,"code":null,"errno":null}
1783575209267	FirefoxAccounts	ERROR	Could not update attached clients list : {"error":{},"errorString":"[Exception... \"NS_ERROR_UNKNOWN_HOST\"  nsresult: \"0x804b001e (NS_ERROR_UNKNOWN_HOST)\"  location: \"JS frame :: resource://services-common/rest.sys.mjs :: onStopRequest :: line 478\"  data: no]","message":null,"code":null,"errno":null}
1783575209267	FirefoxAccounts	ERROR	error GETing /account/devices?filterIdleDevicesTimestamp=1781760809263: {"error":{},"errorString":"[Exception... \"NS_ERROR_UNKNOWN_HOST\"  nsresult: \"0x804b001e (NS_ERROR_UNKNOWN_HOST)\"  location: \"JS frame :: resource://services-common/rest.sys.mjs :: onStopRequest :: line 478\"  data: no]","message":null,"code":null,"errno":null}
1783575209267	Sync.Browser	ERROR	Refreshing device list failed.: {"error":{},"errorString":"[Exception... \"NS_ERROR_UNKNOWN_HOST\"  nsresult: \"0x804b001e (NS_ERROR_UNKNOWN_HOST)\"  location: \"JS frame :: resource://services-common/rest.sys.mjs :: onStopRequest :: line 478\"  data: no]","message":null,"code":null,"errno":null}
console.error: "Sync encountered an error - see about:sync-log for the log file."
1783575209544	FirefoxAccounts	ERROR	error GETing /account/attached_clients: {"error":{},"errorString":"[Exception... \"NS_ERROR_UNKNOWN_HOST\"  nsresult: \"0x804b001e (NS_ERROR_UNKNOWN_HOST)\"  location: \"JS frame :: resource://services-common/rest.sys.mjs :: onStopRequest :: line 478\"  data: no]","message":null,"code":null,"errno":null}
1783575209544	FirefoxAccounts	ERROR	Could not update attached clients list : {"error":{},"errorString":"[Exception... \"NS_ERROR_UNKNOWN_HOST\"  nsresult: \"0x804b001e (NS_ERROR_UNKNOWN_HOST)\"  location: \"JS frame :: resource://services-common/rest.sys.mjs :: onStopRequest :: line 478\"  data: no]","message":null,"code":null,"errno":null}
JavaScript error: , line 0: uncaught exception: Object
JavaScript error: , line 0: uncaught exception: Object
1783575358798	Marionette	INFO	Stopped listening on port 62140
1783575490977	geckodriver	INFO	Listening on 127.0.0.1:63668
1783575494072	mozrunner::runner	INFO	Running command: "C:\\Program Files\\Mozilla Firefox\\firefox.exe" "--marionette" "-profile" "C:\\Users\\ESHAAN\\AppData\\Roa ... irefox\\Profiles\\kw3a25lf.default-release" "--remote-debugging-port" "63669" "--remote-allow-hosts" "localhost" "-no-remote"
1783575494304	Marionette	INFO	Marionette enabled
1783575494321	Marionette	INFO	Listening on port 63676
WebDriver BiDi listening on ws://127.0.0.1:63669
Read port: 63676
1783575494408	RemoteAgent	WARN	TLS certificate errors will be ignored for this session
[ERROR shell_windows::limited_access_features] Error generating feature token: NS_ERROR_FAILURE
1783575495236	FirefoxAccounts	ERROR	error POSTing /oauth/token: {"error":{},"errorString":"[Exception... \"NS_ERROR_UNKNOWN_HOST\"  nsresult: \"0x804b001e (NS_ERROR_UNKNOWN_HOST)\"  location: \"JS frame :: resource://services-common/rest.sys.mjs :: onStopRequest :: line 478\"  data: no]","message":null,"code":null,"errno":null}
1783575495236	FirefoxAccounts	ERROR	Background refresh of profile failed: {"error":{},"errorString":"[Exception... \"NS_ERROR_UNKNOWN_HOST\"  nsresult: \"0x804b001e (NS_ERROR_UNKNOWN_HOST)\"  location: \"JS frame :: resource://services-common/rest.sys.mjs :: onStopRequest :: line 478\"  data: no]","message":null,"code":null,"errno":null}
1783575495348	FirefoxAccounts	ERROR	error GETing /account/attached_clients: {"error":{},"errorString":"[Exception... \"NS_ERROR_UNKNOWN_HOST\"  nsresult: \"0x804b001e (NS_ERROR_UNKNOWN_HOST)\"  location: \"JS frame :: resource://services-common/rest.sys.mjs :: onStopRequest :: line 478\"  data: no]","message":null,"code":null,"errno":null}
1783575495348	FirefoxAccounts	ERROR	Could not update attached clients list : {"error":{},"errorString":"[Exception... \"NS_ERROR_UNKNOWN_HOST\"  nsresult: \"0x804b001e (NS_ERROR_UNKNOWN_HOST)\"  location: \"JS frame :: resource://services-common/rest.sys.mjs :: onStopRequest :: line 478\"  data: no]","message":null,"code":null,"errno":null}
1783575495378	FirefoxAccounts	ERROR	error GETing /account/attached_clients: {"error":{},"errorString":"[Exception... \"NS_ERROR_UNKNOWN_HOST\"  nsresult: \"0x804b001e (NS_ERROR_UNKNOWN_HOST)\"  location: \"JS frame :: resource://services-common/rest.sys.mjs :: onStopRequest :: line 478\"  data: no]","message":null,"code":null,"errno":null}
1783575495378	FirefoxAccounts	ERROR	Could not update attached clients list : {"error":{},"errorString":"[Exception... \"NS_ERROR_UNKNOWN_HOST\"  nsresult: \"0x804b001e (NS_ERROR_UNKNOWN_HOST)\"  location: \"JS frame :: resource://services-common/rest.sys.mjs :: onStopRequest :: line 478\"  data: no]","message":null,"code":null,"errno":null}
1783575495381	FirefoxAccounts	ERROR	error GETing /account/attached_clients: {"error":{},"errorString":"[Exception... \"NS_ERROR_UNKNOWN_HOST\"  nsresult: \"0x804b001e (NS_ERROR_UNKNOWN_HOST)\"  location: \"JS frame :: resource://services-common/rest.sys.mjs :: onStopRequest :: line 478\"  data: no]","message":null,"code":null,"errno":null}
1783575495381	FirefoxAccounts	ERROR	Could not update attached clients list : {"error":{},"errorString":"[Exception... \"NS_ERROR_UNKNOWN_HOST\"  nsresult: \"0x804b001e (NS_ERROR_UNKNOWN_HOST)\"  location: \"JS frame :: resource://services-common/rest.sys.mjs :: onStopRequest :: line 478\"  data: no]","message":null,"code":null,"errno":null}
1783575495390	FirefoxAccounts	ERROR	error GETing /account/attached_clients: {"error":{},"errorString":"[Exception... \"NS_ERROR_UNKNOWN_HOST\"  nsresult: \"0x804b001e (NS_ERROR_UNKNOWN_HOST)\"  location: \"JS frame :: resource://services-common/rest.sys.mjs :: onStopRequest :: line 478\"  data: no]","message":null,"code":null,"errno":null}
1783575495390	FirefoxAccounts	ERROR	Could not update attached clients list : {"error":{},"errorString":"[Exception... \"NS_ERROR_UNKNOWN_HOST\"  nsresult: \"0x804b001e (NS_ERROR_UNKNOWN_HOST)\"  location: \"JS frame :: resource://services-common/rest.sys.mjs :: onStopRequest :: line 478\"  data: no]","message":null,"code":null,"errno":null}
console.error: "Experiment visual-card-updates has unknown featureId: newtabRefinedCardsLayout"
console.error: "Experiment enable-nimbus-unenrollment-synchronization has unknown featureId: nimbusStore"
1783575495488	FirefoxAccounts	ERROR	error POSTing /oauth/token: {"error":{},"errorString":"[Exception... \"NS_ERROR_UNKNOWN_HOST\"  nsresult: \"0x804b001e (NS_ERROR_UNKNOWN_HOST)\"  location: \"JS frame :: resource://services-common/rest.sys.mjs :: onStopRequest :: line 478\"  data: no]","message":null,"code":null,"errno":null}
1783575495488	FirefoxAccounts	ERROR	FxA rejecting with error UNKNOWN_ERROR, details: {"error":{},"errorString":"[Exception... \"NS_ERROR_UNKNOWN_HOST\"  nsresult: \"0x804b001e (NS_ERROR_UNKNOWN_HOST)\"  location: \"JS frame :: resource://services-common/rest.sys.mjs :: onStopRequest :: line 478\"  data: no]","message":null,"code":null,"errno":null}
1783575495488	Sync.SyncAuthManager	ERROR	Non-authentication error in _fetchTokenForUser: Error: UNKNOWN_ERROR(resource://gre/modules/FxAccounts.sys.mjs:1455:18) JS Stack trace: _error@FxAccounts.sys.mjs:1455:18
_errorToErrorClass@FxAccounts.sys.mjs:1438:17
getOAuthToken@FxAccounts.sys.mjs:505:28
1783575495488	Sync.ErrorHandler	ERROR	Sync encountered a login error
1783575495700	FirefoxAccounts	ERROR	error GETing /account/attached_clients: {"error":{},"errorString":"[Exception... \"NS_ERROR_UNKNOWN_HOST\"  nsresult: \"0x804b001e (NS_ERROR_UNKNOWN_HOST)\"  location: \"JS frame :: resource://services-common/rest.sys.mjs :: onStopRequest :: line 478\"  data: no]","message":null,"code":null,"errno":null}
1783575495700	FirefoxAccounts	ERROR	Could not update attached clients list : {"error":{},"errorString":"[Exception... \"NS_ERROR_UNKNOWN_HOST\"  nsresult: \"0x804b001e (NS_ERROR_UNKNOWN_HOST)\"  location: \"JS frame :: resource://services-common/rest.sys.mjs :: onStopRequest :: line 478\"  data: no]","message":null,"code":null,"errno":null}
1783575495700	FirefoxAccounts	ERROR	error GETing /account/devices?filterIdleDevicesTimestamp=1781761095698: {"error":{},"errorString":"[Exception... \"NS_ERROR_UNKNOWN_HOST\"  nsresult: \"0x804b001e (NS_ERROR_UNKNOWN_HOST)\"  location: \"JS frame :: resource://services-common/rest.sys.mjs :: onStopRequest :: line 478\"  data: no]","message":null,"code":null,"errno":null}
1783575495700	Sync.Browser	ERROR	Refreshing device list failed.: {"error":{},"errorString":"[Exception... \"NS_ERROR_UNKNOWN_HOST\"  nsresult: \"0x804b001e (NS_ERROR_UNKNOWN_HOST)\"  location: \"JS frame :: resource://services-common/rest.sys.mjs :: onStopRequest :: line 478\"  data: no]","message":null,"code":null,"errno":null}
console.error: "Sync encountered an error - see about:sync-log for the log file."
1783575495949	FirefoxAccounts	ERROR	error GETing /account/attached_clients: {"error":{},"errorString":"[Exception... \"NS_ERROR_UNKNOWN_HOST\"  nsresult: \"0x804b001e (NS_ERROR_UNKNOWN_HOST)\"  location: \"JS frame :: resource://services-common/rest.sys.mjs :: onStopRequest :: line 478\"  data: no]","message":null,"code":null,"errno":null}
1783575495949	FirefoxAccounts	ERROR	Could not update attached clients list : {"error":{},"errorString":"[Exception... \"NS_ERROR_UNKNOWN_HOST\"  nsresult: \"0x804b001e (NS_ERROR_UNKNOWN_HOST)\"  location: \"JS frame :: resource://services-common/rest.sys.mjs :: onStopRequest :: line 478\"  data: no]","message":null,"code":null,"errno":null}
JavaScript error: , line 0: uncaught exception: Object
JavaScript error: , line 0: uncaught exception: Object
1783575642662	Marionette	INFO	Stopped listening on port 63676
1783577457072	geckodriver	INFO	Listening on 127.0.0.1:63683
1783577460164	mozrunner::runner	INFO	Running command: "C:\\Program Files\\Mozilla Firefox\\firefox.exe" "--marionette" "-profile" "C:\\Users\\ESHAAN\\AppData\\Roa ... irefox\\Profiles\\kw3a25lf.default-release" "--remote-debugging-port" "63684" "--remote-allow-hosts" "localhost" "-no-remote"
1783577460458	Marionette	INFO	Marionette enabled
1783577460476	Marionette	INFO	Listening on port 63692
WebDriver BiDi listening on ws://127.0.0.1:63684
Read port: 63692
1783577460716	RemoteAgent	WARN	TLS certificate errors will be ignored for this session
[ERROR shell_windows::limited_access_features] Error generating feature token: NS_ERROR_FAILURE
1783577461380	FirefoxAccounts	ERROR	error POSTing /oauth/token: {"error":{},"errorString":"[Exception... \"NS_ERROR_UNKNOWN_HOST\"  nsresult: \"0x804b001e (NS_ERROR_UNKNOWN_HOST)\"  location: \"JS frame :: resource://services-common/rest.sys.mjs :: onStopRequest :: line 478\"  data: no]","message":null,"code":null,"errno":null}
1783577461380	FirefoxAccounts	ERROR	Background refresh of profile failed: {"error":{},"errorString":"[Exception... \"NS_ERROR_UNKNOWN_HOST\"  nsresult: \"0x804b001e (NS_ERROR_UNKNOWN_HOST)\"  location: \"JS frame :: resource://services-common/rest.sys.mjs :: onStopRequest :: line 478\"  data: no]","message":null,"code":null,"errno":null}
1783577461535	FirefoxAccounts	ERROR	error GETing /account/attached_clients: {"error":{},"errorString":"[Exception... \"NS_ERROR_UNKNOWN_HOST\"  nsresult: \"0x804b001e (NS_ERROR_UNKNOWN_HOST)\"  location: \"JS frame :: resource://services-common/rest.sys.mjs :: onStopRequest :: line 478\"  data: no]","message":null,"code":null,"errno":null}
1783577461535	FirefoxAccounts	ERROR	Could not update attached clients list : {"error":{},"errorString":"[Exception... \"NS_ERROR_UNKNOWN_HOST\"  nsresult: \"0x804b001e (NS_ERROR_UNKNOWN_HOST)\"  location: \"JS frame :: resource://services-common/rest.sys.mjs :: onStopRequest :: line 478\"  data: no]","message":null,"code":null,"errno":null}
1783577461552	FirefoxAccounts	ERROR	error GETing /account/attached_clients: {"error":{},"errorString":"[Exception... \"NS_ERROR_UNKNOWN_HOST\"  nsresult: \"0x804b001e (NS_ERROR_UNKNOWN_HOST)\"  location: \"JS frame :: resource://services-common/rest.sys.mjs :: onStopRequest :: line 478\"  data: no]","message":null,"code":null,"errno":null}
1783577461552	FirefoxAccounts	ERROR	Could not update attached clients list : {"error":{},"errorString":"[Exception... \"NS_ERROR_UNKNOWN_HOST\"  nsresult: \"0x804b001e (NS_ERROR_UNKNOWN_HOST)\"  location: \"JS frame :: resource://services-common/rest.sys.mjs :: onStopRequest :: line 478\"  data: no]","message":null,"code":null,"errno":null}
1783577461555	FirefoxAccounts	ERROR	error GETing /account/attached_clients: {"error":{},"errorString":"[Exception... \"NS_ERROR_UNKNOWN_HOST\"  nsresult: \"0x804b001e (NS_ERROR_UNKNOWN_HOST)\"  location: \"JS frame :: resource://services-common/rest.sys.mjs :: onStopRequest :: line 478\"  data: no]","message":null,"code":null,"errno":null}
1783577461555	FirefoxAccounts	ERROR	Could not update attached clients list : {"error":{},"errorString":"[Exception... \"NS_ERROR_UNKNOWN_HOST\"  nsresult: \"0x804b001e (NS_ERROR_UNKNOWN_HOST)\"  location: \"JS frame :: resource://services-common/rest.sys.mjs :: onStopRequest :: line 478\"  data: no]","message":null,"code":null,"errno":null}
1783577461561	FirefoxAccounts	ERROR	error GETing /account/attached_clients: {"error":{},"errorString":"[Exception... \"NS_ERROR_UNKNOWN_HOST\"  nsresult: \"0x804b001e (NS_ERROR_UNKNOWN_HOST)\"  location: \"JS frame :: resource://services-common/rest.sys.mjs :: onStopRequest :: line 478\"  data: no]","message":null,"code":null,"errno":null}
1783577461561	FirefoxAccounts	ERROR	Could not update attached clients list : {"error":{},"errorString":"[Exception... \"NS_ERROR_UNKNOWN_HOST\"  nsresult: \"0x804b001e (NS_ERROR_UNKNOWN_HOST)\"  location: \"JS frame :: resource://services-common/rest.sys.mjs :: onStopRequest :: line 478\"  data: no]","message":null,"code":null,"errno":null}
console.error: "Experiment visual-card-updates has unknown featureId: newtabRefinedCardsLayout"
console.error: "Experiment enable-nimbus-unenrollment-synchronization has unknown featureId: nimbusStore"
1783577461615	FirefoxAccounts	ERROR	error GETing /account/attached_clients: {"error":{},"errorString":"[Exception... \"NS_ERROR_UNKNOWN_HOST\"  nsresult: \"0x804b001e (NS_ERROR_UNKNOWN_HOST)\"  location: \"JS frame :: resource://services-common/rest.sys.mjs :: onStopRequest :: line 478\"  data: no]","message":null,"code":null,"errno":null}
1783577461615	FirefoxAccounts	ERROR	Could not update attached clients list : {"error":{},"errorString":"[Exception... \"NS_ERROR_UNKNOWN_HOST\"  nsresult: \"0x804b001e (NS_ERROR_UNKNOWN_HOST)\"  location: \"JS frame :: resource://services-common/rest.sys.mjs :: onStopRequest :: line 478\"  data: no]","message":null,"code":null,"errno":null}
1783577461616	FirefoxAccounts	ERROR	error GETing /account/devices?filterIdleDevicesTimestamp=1781763061564: {"error":{},"errorString":"[Exception... \"NS_ERROR_UNKNOWN_HOST\"  nsresult: \"0x804b001e (NS_ERROR_UNKNOWN_HOST)\"  location: \"JS frame :: resource://services-common/rest.sys.mjs :: onStopRequest :: line 478\"  data: no]","message":null,"code":null,"errno":null}
1783577461616	Sync.Browser	ERROR	Refreshing device list failed.: {"error":{},"errorString":"[Exception... \"NS_ERROR_UNKNOWN_HOST\"  nsresult: \"0x804b001e (NS_ERROR_UNKNOWN_HOST)\"  location: \"JS frame :: resource://services-common/rest.sys.mjs :: onStopRequest :: line 478\"  data: no]","message":null,"code":null,"errno":null}
1783577461623	FirefoxAccounts	ERROR	error POSTing /oauth/token: {"error":{},"errorString":"[Exception... \"NS_ERROR_UNKNOWN_HOST\"  nsresult: \"0x804b001e (NS_ERROR_UNKNOWN_HOST)\"  location: \"JS frame :: resource://services-common/rest.sys.mjs :: onStopRequest :: line 478\"  data: no]","message":null,"code":null,"errno":null}
1783577461623	FirefoxAccounts	ERROR	FxA rejecting with error UNKNOWN_ERROR, details: {"error":{},"errorString":"[Exception... \"NS_ERROR_UNKNOWN_HOST\"  nsresult: \"0x804b001e (NS_ERROR_UNKNOWN_HOST)\"  location: \"JS frame :: resource://services-common/rest.sys.mjs :: onStopRequest :: line 478\"  data: no]","message":null,"code":null,"errno":null}
1783577461623	Sync.SyncAuthManager	ERROR	Non-authentication error in _fetchTokenForUser: Error: UNKNOWN_ERROR(resource://gre/modules/FxAccounts.sys.mjs:1455:18) JS Stack trace: _error@FxAccounts.sys.mjs:1455:18
_errorToErrorClass@FxAccounts.sys.mjs:1438:17
getOAuthToken@FxAccounts.sys.mjs:505:28
1783577461623	Sync.ErrorHandler	ERROR	Sync encountered a login error
1783577461671	FirefoxAccounts	ERROR	error GETing /account/attached_clients: {"error":{},"errorString":"[Exception... \"NS_ERROR_UNKNOWN_HOST\"  nsresult: \"0x804b001e (NS_ERROR_UNKNOWN_HOST)\"  location: \"JS frame :: resource://services-common/rest.sys.mjs :: onStopRequest :: line 478\"  data: no]","message":null,"code":null,"errno":null}
1783577461671	FirefoxAccounts	ERROR	Could not update attached clients list : {"error":{},"errorString":"[Exception... \"NS_ERROR_UNKNOWN_HOST\"  nsresult: \"0x804b001e (NS_ERROR_UNKNOWN_HOST)\"  location: \"JS frame :: resource://services-common/rest.sys.mjs :: onStopRequest :: line 478\"  data: no]","message":null,"code":null,"errno":null}
1783577461671	FirefoxAccounts	ERROR	error GETing /account/devices?filterIdleDevicesTimestamp=1781763061625: {"error":{},"errorString":"[Exception... \"NS_ERROR_UNKNOWN_HOST\"  nsresult: \"0x804b001e (NS_ERROR_UNKNOWN_HOST)\"  location: \"JS frame :: resource://services-common/rest.sys.mjs :: onStopRequest :: line 478\"  data: no]","message":null,"code":null,"errno":null}
1783577461671	Sync.Browser	ERROR	Refreshing device list failed.: {"error":{},"errorString":"[Exception... \"NS_ERROR_UNKNOWN_HOST\"  nsresult: \"0x804b001e (NS_ERROR_UNKNOWN_HOST)\"  location: \"JS frame :: resource://services-common/rest.sys.mjs :: onStopRequest :: line 478\"  data: no]","message":null,"code":null,"errno":null}
1783577461671	Sync.Browser	ERROR	Refreshing device list failed.: {"error":{},"errorString":"[Exception... \"NS_ERROR_UNKNOWN_HOST\"  nsresult: \"0x804b001e (NS_ERROR_UNKNOWN_HOST)\"  location: \"JS frame :: resource://services-common/rest.sys.mjs :: onStopRequest :: line 478\"  data: no]","message":null,"code":null,"errno":null}
1783577461672	FirefoxAccounts	ERROR	error GETing /account/attached_clients: {"error":{},"errorString":"[Exception... \"NS_ERROR_UNKNOWN_HOST\"  nsresult: \"0x804b001e (NS_ERROR_UNKNOWN_HOST)\"  location: \"JS frame :: resource://services-common/rest.sys.mjs :: onStopRequest :: line 478\"  data: no]","message":null,"code":null,"errno":null}
1783577461672	FirefoxAccounts	ERROR	Could not update attached clients list : {"error":{},"errorString":"[Exception... \"NS_ERROR_UNKNOWN_HOST\"  nsresult: \"0x804b001e (NS_ERROR_UNKNOWN_HOST)\"  location: \"JS frame :: resource://services-common/rest.sys.mjs :: onStopRequest :: line 478\"  data: no]","message":null,"code":null,"errno":null}
1783577461691	FirefoxAccounts	ERROR	error GETing /account/attached_clients: {"error":{},"errorString":"[Exception... \"NS_ERROR_UNKNOWN_HOST\"  nsresult: \"0x804b001e (NS_ERROR_UNKNOWN_HOST)\"  location: \"JS frame :: resource://services-common/rest.sys.mjs :: onStopRequest :: line 478\"  data: no]","message":null,"code":null,"errno":null}
1783577461691	FirefoxAccounts	ERROR	Could not update attached clients list : {"error":{},"errorString":"[Exception... \"NS_ERROR_UNKNOWN_HOST\"  nsresult: \"0x804b001e (NS_ERROR_UNKNOWN_HOST)\"  location: \"JS frame :: resource://services-common/rest.sys.mjs :: onStopRequest :: line 478\"  data: no]","message":null,"code":null,"errno":null}
1783577461691	FirefoxAccounts	ERROR	error GETing /account/devices?filterIdleDevicesTimestamp=1781763061689: {"error":{},"errorString":"[Exception... \"NS_ERROR_UNKNOWN_HOST\"  nsresult: \"0x804b001e (NS_ERROR_UNKNOWN_HOST)\"  location: \"JS frame :: resource://services-common/rest.sys.mjs :: onStopRequest :: line 478\"  data: no]","message":null,"code":null,"errno":null}
1783577461691	Sync.Browser	ERROR	Refreshing device list failed.: {"error":{},"errorString":"[Exception... \"NS_ERROR_UNKNOWN_HOST\"  nsresult: \"0x804b001e (NS_ERROR_UNKNOWN_HOST)\"  location: \"JS frame :: resource://services-common/rest.sys.mjs :: onStopRequest :: line 478\"  data: no]","message":null,"code":null,"errno":null}
console.error: "Sync encountered an error - see about:sync-log for the log file."
1783577461962	FirefoxAccounts	ERROR	error GETing /account/attached_clients: {"error":{},"errorString":"[Exception... \"NS_ERROR_UNKNOWN_HOST\"  nsresult: \"0x804b001e (NS_ERROR_UNKNOWN_HOST)\"  location: \"JS frame :: resource://services-common/rest.sys.mjs :: onStopRequest :: line 478\"  data: no]","message":null,"code":null,"errno":null}
1783577461962	FirefoxAccounts	ERROR	Could not update attached clients list : {"error":{},"errorString":"[Exception... \"NS_ERROR_UNKNOWN_HOST\"  nsresult: \"0x804b001e (NS_ERROR_UNKNOWN_HOST)\"  location: \"JS frame :: resource://services-common/rest.sys.mjs :: onStopRequest :: line 478\"  data: no]","message":null,"code":null,"errno":null}
JavaScript error: , line 0: uncaught exception: <html>
<head><title>502 Bad Gateway</title></head>
<body>
<center><h1>502 Bad Gateway</h1></center>
<hr><center>nginx</center>
</body>
</html>

JavaScript error: https://static-assets-web.flixcart.com/fk-sp-static/script/858.255486218c18514b88c2.js, line 1: TypeError: t.publishToastError is not a function
JavaScript error: https://static-assets-web.flixcart.com/fk-sp-static/script/app.d909b26ff4e7af58c177.js, line 1: Error: JSON.parse: unexpected character at line 1 column 1 of the JSON data
JavaScript error: https://static-assets-web.flixcart.com/fk-sp-static/script/app.d909b26ff4e7af58c177.js, line 1: Error: JSON.parse: unexpected character at line 1 column 1 of the JSON data
JavaScript error: , line 0: uncaught exception: Object
JavaScript error: , line 0: uncaught exception: Object
1783577586280	Marionette	INFO	Stopped listening on port 63692
JavaScript warning: https://static-assets-web.flixcart.com/fk-sp-static/script/928.6d44969dea6ae4571e58.js, line 2: Script terminated by timeout at:
p@https://static-assets-web.flixcart.com/fk-sp-static/script/928.6d44969dea6ae4571e58.js:2:2248762

1784314265322	geckodriver	INFO	Listening on 127.0.0.1:64799
1784314268432	mozrunner::runner	INFO	Running command: "C:\\Program Files\\Mozilla Firefox\\firefox.exe" "--marionette" "-profile" "C:\\Users\\ESHAAN\\AppData\\Roa ... irefox\\Profiles\\kw3a25lf.default-release" "--remote-debugging-port" "64800" "--remote-allow-hosts" "localhost" "-no-remote"
1784314268823	Marionette	INFO	Marionette enabled
1784314268844	Marionette	INFO	Listening on port 64809
WebDriver BiDi listening on ws://127.0.0.1:64800
Read port: 64809
1784314269071	RemoteAgent	WARN	TLS certificate errors will be ignored for this session
[ERROR shell_windows::limited_access_features] Error generating feature token: NS_ERROR_FAILURE
1784314269331	FirefoxAccounts	ERROR	error POSTing /oauth/token: {"error":{},"errorString":"[Exception... \"NS_ERROR_UNKNOWN_HOST\"  nsresult: \"0x804b001e (NS_ERROR_UNKNOWN_HOST)\"  location: \"JS frame :: resource://services-common/rest.sys.mjs :: onStopRequest :: line 478\"  data: no]","message":null,"code":null,"errno":null}
1784314269331	FirefoxAccounts	ERROR	Background refresh of profile failed: {"error":{},"errorString":"[Exception... \"NS_ERROR_UNKNOWN_HOST\"  nsresult: \"0x804b001e (NS_ERROR_UNKNOWN_HOST)\"  location: \"JS frame :: resource://services-common/rest.sys.mjs :: onStopRequest :: line 478\"  data: no]","message":null,"code":null,"errno":null}
1784314269458	FirefoxAccounts	ERROR	error GETing /account/attached_clients: {"error":{},"errorString":"[Exception... \"NS_ERROR_UNKNOWN_HOST\"  nsresult: \"0x804b001e (NS_ERROR_UNKNOWN_HOST)\"  location: \"JS frame :: resource://services-common/rest.sys.mjs :: onStopRequest :: line 478\"  data: no]","message":null,"code":null,"errno":null}
1784314269459	FirefoxAccounts	ERROR	Could not update attached clients list : {"error":{},"errorString":"[Exception... \"NS_ERROR_UNKNOWN_HOST\"  nsresult: \"0x804b001e (NS_ERROR_UNKNOWN_HOST)\"  location: \"JS frame :: resource://services-common/rest.sys.mjs :: onStopRequest :: line 478\"  data: no]","message":null,"code":null,"errno":null}
1784314269459	FirefoxAccounts	ERROR	error GETing /account/devices?filterIdleDevicesTimestamp=1782499869449: {"error":{},"errorString":"[Exception... \"NS_ERROR_UNKNOWN_HOST\"  nsresult: \"0x804b001e (NS_ERROR_UNKNOWN_HOST)\"  location: \"JS frame :: resource://services-common/rest.sys.mjs :: onStopRequest :: line 478\"  data: no]","message":null,"code":null,"errno":null}
1784314269459	Sync.Browser	ERROR	Refreshing device list failed.: {"error":{},"errorString":"[Exception... \"NS_ERROR_UNKNOWN_HOST\"  nsresult: \"0x804b001e (NS_ERROR_UNKNOWN_HOST)\"  location: \"JS frame :: resource://services-common/rest.sys.mjs :: onStopRequest :: line 478\"  data: no]","message":null,"code":null,"errno":null}
1784314269465	FirefoxAccounts	ERROR	error POSTing /oauth/token: {"error":{},"errorString":"[Exception... \"NS_ERROR_UNKNOWN_HOST\"  nsresult: \"0x804b001e (NS_ERROR_UNKNOWN_HOST)\"  location: \"JS frame :: resource://services-common/rest.sys.mjs :: onStopRequest :: line 478\"  data: no]","message":null,"code":null,"errno":null}
1784314269465	FirefoxAccounts	ERROR	FxA rejecting with error UNKNOWN_ERROR, details: {"error":{},"errorString":"[Exception... \"NS_ERROR_UNKNOWN_HOST\"  nsresult: \"0x804b001e (NS_ERROR_UNKNOWN_HOST)\"  location: \"JS frame :: resource://services-common/rest.sys.mjs :: onStopRequest :: line 478\"  data: no]","message":null,"code":null,"errno":null}
1784314269465	Sync.SyncAuthManager	ERROR	Non-authentication error in _fetchTokenForUser: Error: UNKNOWN_ERROR(resource://gre/modules/FxAccounts.sys.mjs:1455:18) JS Stack trace: _error@FxAccounts.sys.mjs:1455:18
_errorToErrorClass@FxAccounts.sys.mjs:1438:17
getOAuthToken@FxAccounts.sys.mjs:505:28
1784314269465	Sync.ErrorHandler	ERROR	Sync encountered a login error
1784314269475	FirefoxAccounts	ERROR	error GETing /account/attached_clients: {"error":{},"errorString":"[Exception... \"NS_ERROR_UNKNOWN_HOST\"  nsresult: \"0x804b001e (NS_ERROR_UNKNOWN_HOST)\"  location: \"JS frame :: resource://services-common/rest.sys.mjs :: onStopRequest :: line 478\"  data: no]","message":null,"code":null,"errno":null}
1784314269475	FirefoxAccounts	ERROR	Could not update attached clients list : {"error":{},"errorString":"[Exception... \"NS_ERROR_UNKNOWN_HOST\"  nsresult: \"0x804b001e (NS_ERROR_UNKNOWN_HOST)\"  location: \"JS frame :: resource://services-common/rest.sys.mjs :: onStopRequest :: line 478\"  data: no]","message":null,"code":null,"errno":null}
1784314269475	FirefoxAccounts	ERROR	error GETing /account/devices?filterIdleDevicesTimestamp=1782499869467: {"error":{},"errorString":"[Exception... \"NS_ERROR_UNKNOWN_HOST\"  nsresult: \"0x804b001e (NS_ERROR_UNKNOWN_HOST)\"  location: \"JS frame :: resource://services-common/rest.sys.mjs :: onStopRequest :: line 478\"  data: no]","message":null,"code":null,"errno":null}
1784314269475	Sync.Browser	ERROR	Refreshing device list failed.: {"error":{},"errorString":"[Exception... \"NS_ERROR_UNKNOWN_HOST\"  nsresult: \"0x804b001e (NS_ERROR_UNKNOWN_HOST)\"  location: \"JS frame :: resource://services-common/rest.sys.mjs :: onStopRequest :: line 478\"  data: no]","message":null,"code":null,"errno":null}
1784314269475	Sync.Browser	ERROR	Refreshing device list failed.: {"error":{},"errorString":"[Exception... \"NS_ERROR_UNKNOWN_HOST\"  nsresult: \"0x804b001e (NS_ERROR_UNKNOWN_HOST)\"  location: \"JS frame :: resource://services-common/rest.sys.mjs :: onStopRequest :: line 478\"  data: no]","message":null,"code":null,"errno":null}
1784314269476	FirefoxAccounts	ERROR	error GETing /account/attached_clients: {"error":{},"errorString":"[Exception... \"NS_ERROR_UNKNOWN_HOST\"  nsresult: \"0x804b001e (NS_ERROR_UNKNOWN_HOST)\"  location: \"JS frame :: resource://services-common/rest.sys.mjs :: onStopRequest :: line 478\"  data: no]","message":null,"code":null,"errno":null}
1784314269476	FirefoxAccounts	ERROR	Could not update attached clients list : {"error":{},"errorString":"[Exception... \"NS_ERROR_UNKNOWN_HOST\"  nsresult: \"0x804b001e (NS_ERROR_UNKNOWN_HOST)\"  location: \"JS frame :: resource://services-common/rest.sys.mjs :: onStopRequest :: line 478\"  data: no]","message":null,"code":null,"errno":null}
1784314269491	FirefoxAccounts	ERROR	error GETing /account/attached_clients: {"error":{},"errorString":"[Exception... \"NS_ERROR_UNKNOWN_HOST\"  nsresult: \"0x804b001e (NS_ERROR_UNKNOWN_HOST)\"  location: \"JS frame :: resource://services-common/rest.sys.mjs :: onStopRequest :: line 478\"  data: no]","message":null,"code":null,"errno":null}
1784314269491	FirefoxAccounts	ERROR	Could not update attached clients list : {"error":{},"errorString":"[Exception... \"NS_ERROR_UNKNOWN_HOST\"  nsresult: \"0x804b001e (NS_ERROR_UNKNOWN_HOST)\"  location: \"JS frame :: resource://services-common/rest.sys.mjs :: onStopRequest :: line 478\"  data: no]","message":null,"code":null,"errno":null}
1784314269512	FirefoxAccounts	ERROR	error GETing /account/attached_clients: {"error":{},"errorString":"[Exception... \"NS_ERROR_UNKNOWN_HOST\"  nsresult: \"0x804b001e (NS_ERROR_UNKNOWN_HOST)\"  location: \"JS frame :: resource://services-common/rest.sys.mjs :: onStopRequest :: line 478\"  data: no]","message":null,"code":null,"errno":null}
1784314269512	FirefoxAccounts	ERROR	Could not update attached clients list : {"error":{},"errorString":"[Exception... \"NS_ERROR_UNKNOWN_HOST\"  nsresult: \"0x804b001e (NS_ERROR_UNKNOWN_HOST)\"  location: \"JS frame :: resource://services-common/rest.sys.mjs :: onStopRequest :: line 478\"  data: no]","message":null,"code":null,"errno":null}
1784314269514	FirefoxAccounts	ERROR	error GETing /account/attached_clients: {"error":{},"errorString":"[Exception... \"NS_ERROR_UNKNOWN_HOST\"  nsresult: \"0x804b001e (NS_ERROR_UNKNOWN_HOST)\"  location: \"JS frame :: resource://services-common/rest.sys.mjs :: onStopRequest :: line 478\"  data: no]","message":null,"code":null,"errno":null}
1784314269514	FirefoxAccounts	ERROR	Could not update attached clients list : {"error":{},"errorString":"[Exception... \"NS_ERROR_UNKNOWN_HOST\"  nsresult: \"0x804b001e (NS_ERROR_UNKNOWN_HOST)\"  location: \"JS frame :: resource://services-common/rest.sys.mjs :: onStopRequest :: line 478\"  data: no]","message":null,"code":null,"errno":null}
1784314269518	FirefoxAccounts	ERROR	error GETing /account/attached_clients: {"error":{},"errorString":"[Exception... \"NS_ERROR_UNKNOWN_HOST\"  nsresult: \"0x804b001e (NS_ERROR_UNKNOWN_HOST)\"  location: \"JS frame :: resource://services-common/rest.sys.mjs :: onStopRequest :: line 478\"  data: no]","message":null,"code":null,"errno":null}
1784314269518	FirefoxAccounts	ERROR	Could not update attached clients list : {"error":{},"errorString":"[Exception... \"NS_ERROR_UNKNOWN_HOST\"  nsresult: \"0x804b001e (NS_ERROR_UNKNOWN_HOST)\"  location: \"JS frame :: resource://services-common/rest.sys.mjs :: onStopRequest :: line 478\"  data: no]","message":null,"code":null,"errno":null}
console.error: "Experiment visual-card-updates has unknown featureId: newtabRefinedCardsLayout"
console.error: "Experiment enable-nimbus-unenrollment-synchronization has unknown featureId: nimbusStore"
console.error: "Sync encountered an error - see about:sync-log for the log file."
1784314269633	FirefoxAccounts	ERROR	error GETing /account/attached_clients: {"error":{},"errorString":"[Exception... \"NS_ERROR_UNKNOWN_HOST\"  nsresult: \"0x804b001e (NS_ERROR_UNKNOWN_HOST)\"  location: \"JS frame :: resource://services-common/rest.sys.mjs :: onStopRequest :: line 478\"  data: no]","message":null,"code":null,"errno":null}
1784314269633	FirefoxAccounts	ERROR	Could not update attached clients list : {"error":{},"errorString":"[Exception... \"NS_ERROR_UNKNOWN_HOST\"  nsresult: \"0x804b001e (NS_ERROR_UNKNOWN_HOST)\"  location: \"JS frame :: resource://services-common/rest.sys.mjs :: onStopRequest :: line 478\"  data: no]","message":null,"code":null,"errno":null}
1784314269633	FirefoxAccounts	ERROR	error GETing /account/devices?filterIdleDevicesTimestamp=1782499869632: {"error":{},"errorString":"[Exception... \"NS_ERROR_UNKNOWN_HOST\"  nsresult: \"0x804b001e (NS_ERROR_UNKNOWN_HOST)\"  location: \"JS frame :: resource://services-common/rest.sys.mjs :: onStopRequest :: line 478\"  data: no]","message":null,"code":null,"errno":null}
1784314269633	Sync.Browser	ERROR	Refreshing device list failed.: {"error":{},"errorString":"[Exception... \"NS_ERROR_UNKNOWN_HOST\"  nsresult: \"0x804b001e (NS_ERROR_UNKNOWN_HOST)\"  location: \"JS frame :: resource://services-common/rest.sys.mjs :: onStopRequest :: line 478\"  data: no]","message":null,"code":null,"errno":null}
1784314270057	FirefoxAccounts	ERROR	error GETing /account/attached_clients: {"error":{},"errorString":"[Exception... \"NS_ERROR_UNKNOWN_HOST\"  nsresult: \"0x804b001e (NS_ERROR_UNKNOWN_HOST)\"  location: \"JS frame :: resource://services-common/rest.sys.mjs :: onStopRequest :: line 478\"  data: no]","message":null,"code":null,"errno":null}
1784314270057	FirefoxAccounts	ERROR	Could not update attached clients list : {"error":{},"errorString":"[Exception... \"NS_ERROR_UNKNOWN_HOST\"  nsresult: \"0x804b001e (NS_ERROR_UNKNOWN_HOST)\"  location: \"JS frame :: resource://services-common/rest.sys.mjs :: onStopRequest :: line 478\"  data: no]","message":null,"code":null,"errno":null}
1784314420786	Marionette	INFO	Stopped listening on port 64809
JavaScript warning: https://static-assets-web.flixcart.com/fk-sp-static/script/928.9e308bca40cfce34a2ce.js, line 2: Script terminated by timeout at:
p@https://static-assets-web.flixcart.com/fk-sp-static/script/928.9e308bca40cfce34a2ce.js:2:2248797

1784314423368	geckodriver	INFO	Listening on 127.0.0.1:55214
1784314426451	mozrunner::runner	INFO	Running command: "C:\\Program Files\\Mozilla Firefox\\firefox.exe" "--marionette" "-profile" "C:\\Users\\ESHAAN\\AppData\\Roa ... irefox\\Profiles\\kw3a25lf.default-release" "--remote-debugging-port" "55215" "--remote-allow-hosts" "localhost" "-no-remote"
1784314426685	Marionette	INFO	Marionette enabled
1784314426703	Marionette	INFO	Listening on port 55222
WebDriver BiDi listening on ws://127.0.0.1:55215
Read port: 55222
1784314426795	RemoteAgent	WARN	TLS certificate errors will be ignored for this session
[ERROR shell_windows::limited_access_features] Error generating feature token: NS_ERROR_FAILURE
1784314427235	FirefoxAccounts	ERROR	error POSTing /oauth/token: {"error":{},"errorString":"[Exception... \"NS_ERROR_UNKNOWN_HOST\"  nsresult: \"0x804b001e (NS_ERROR_UNKNOWN_HOST)\"  location: \"JS frame :: resource://services-common/rest.sys.mjs :: onStopRequest :: line 478\"  data: no]","message":null,"code":null,"errno":null}
1784314427235	FirefoxAccounts	ERROR	Background refresh of profile failed: {"error":{},"errorString":"[Exception... \"NS_ERROR_UNKNOWN_HOST\"  nsresult: \"0x804b001e (NS_ERROR_UNKNOWN_HOST)\"  location: \"JS frame :: resource://services-common/rest.sys.mjs :: onStopRequest :: line 478\"  data: no]","message":null,"code":null,"errno":null}
1784314427366	FirefoxAccounts	ERROR	error GETing /account/attached_clients: {"error":{},"errorString":"[Exception... \"NS_ERROR_UNKNOWN_HOST\"  nsresult: \"0x804b001e (NS_ERROR_UNKNOWN_HOST)\"  location: \"JS frame :: resource://services-common/rest.sys.mjs :: onStopRequest :: line 478\"  data: no]","message":null,"code":null,"errno":null}
1784314427366	FirefoxAccounts	ERROR	Could not update attached clients list : {"error":{},"errorString":"[Exception... \"NS_ERROR_UNKNOWN_HOST\"  nsresult: \"0x804b001e (NS_ERROR_UNKNOWN_HOST)\"  location: \"JS frame :: resource://services-common/rest.sys.mjs :: onStopRequest :: line 478\"  data: no]","message":null,"code":null,"errno":null}
1784314427394	FirefoxAccounts	ERROR	error GETing /account/attached_clients: {"error":{},"errorString":"[Exception... \"NS_ERROR_UNKNOWN_HOST\"  nsresult: \"0x804b001e (NS_ERROR_UNKNOWN_HOST)\"  location: \"JS frame :: resource://services-common/rest.sys.mjs :: onStopRequest :: line 478\"  data: no]","message":null,"code":null,"errno":null}
1784314427394	FirefoxAccounts	ERROR	Could not update attached clients list : {"error":{},"errorString":"[Exception... \"NS_ERROR_UNKNOWN_HOST\"  nsresult: \"0x804b001e (NS_ERROR_UNKNOWN_HOST)\"  location: \"JS frame :: resource://services-common/rest.sys.mjs :: onStopRequest :: line 478\"  data: no]","message":null,"code":null,"errno":null}
1784314427407	FirefoxAccounts	ERROR	error GETing /account/attached_clients: {"error":{},"errorString":"[Exception... \"NS_ERROR_UNKNOWN_HOST\"  nsresult: \"0x804b001e (NS_ERROR_UNKNOWN_HOST)\"  location: \"JS frame :: resource://services-common/rest.sys.mjs :: onStopRequest :: line 478\"  data: no]","message":null,"code":null,"errno":null}
1784314427408	FirefoxAccounts	ERROR	Could not update attached clients list : {"error":{},"errorString":"[Exception... \"NS_ERROR_UNKNOWN_HOST\"  nsresult: \"0x804b001e (NS_ERROR_UNKNOWN_HOST)\"  location: \"JS frame :: resource://services-common/rest.sys.mjs :: onStopRequest :: line 478\"  data: no]","message":null,"code":null,"errno":null}
1784314427411	FirefoxAccounts	ERROR	error GETing /account/attached_clients: {"error":{},"errorString":"[Exception... \"NS_ERROR_UNKNOWN_HOST\"  nsresult: \"0x804b001e (NS_ERROR_UNKNOWN_HOST)\"  location: \"JS frame :: resource://services-common/rest.sys.mjs :: onStopRequest :: line 478\"  data: no]","message":null,"code":null,"errno":null}
1784314427411	FirefoxAccounts	ERROR	Could not update attached clients list : {"error":{},"errorString":"[Exception... \"NS_ERROR_UNKNOWN_HOST\"  nsresult: \"0x804b001e (NS_ERROR_UNKNOWN_HOST)\"  location: \"JS frame :: resource://services-common/rest.sys.mjs :: onStopRequest :: line 478\"  data: no]","message":null,"code":null,"errno":null}
console.error: "Experiment visual-card-updates has unknown featureId: newtabRefinedCardsLayout"
console.error: "Experiment enable-nimbus-unenrollment-synchronization has unknown featureId: nimbusStore"
1784314427535	FirefoxAccounts	ERROR	error GETing /account/attached_clients: {"error":{},"errorString":"[Exception... \"NS_ERROR_UNKNOWN_HOST\"  nsresult: \"0x804b001e (NS_ERROR_UNKNOWN_HOST)\"  location: \"JS frame :: resource://services-common/rest.sys.mjs :: onStopRequest :: line 478\"  data: no]","message":null,"code":null,"errno":null}
1784314427535	FirefoxAccounts	ERROR	Could not update attached clients list : {"error":{},"errorString":"[Exception... \"NS_ERROR_UNKNOWN_HOST\"  nsresult: \"0x804b001e (NS_ERROR_UNKNOWN_HOST)\"  location: \"JS frame :: resource://services-common/rest.sys.mjs :: onStopRequest :: line 478\"  data: no]","message":null,"code":null,"errno":null}
1784314427536	FirefoxAccounts	ERROR	error GETing /account/devices?filterIdleDevicesTimestamp=1782500027527: {"error":{},"errorString":"[Exception... \"NS_ERROR_UNKNOWN_HOST\"  nsresult: \"0x804b001e (NS_ERROR_UNKNOWN_HOST)\"  location: \"JS frame :: resource://services-common/rest.sys.mjs :: onStopRequest :: line 478\"  data: no]","message":null,"code":null,"errno":null}
1784314427536	Sync.Browser	ERROR	Refreshing device list failed.: {"error":{},"errorString":"[Exception... \"NS_ERROR_UNKNOWN_HOST\"  nsresult: \"0x804b001e (NS_ERROR_UNKNOWN_HOST)\"  location: \"JS frame :: resource://services-common/rest.sys.mjs :: onStopRequest :: line 478\"  data: no]","message":null,"code":null,"errno":null}
1784314427537	FirefoxAccounts	ERROR	error POSTing /oauth/token: {"error":{},"errorString":"[Exception... \"NS_ERROR_UNKNOWN_HOST\"  nsresult: \"0x804b001e (NS_ERROR_UNKNOWN_HOST)\"  location: \"JS frame :: resource://services-common/rest.sys.mjs :: onStopRequest :: line 478\"  data: no]","message":null,"code":null,"errno":null}
1784314427537	FirefoxAccounts	ERROR	FxA rejecting with error UNKNOWN_ERROR, details: {"error":{},"errorString":"[Exception... \"NS_ERROR_UNKNOWN_HOST\"  nsresult: \"0x804b001e (NS_ERROR_UNKNOWN_HOST)\"  location: \"JS frame :: resource://services-common/rest.sys.mjs :: onStopRequest :: line 478\"  data: no]","message":null,"code":null,"errno":null}
1784314427537	Sync.SyncAuthManager	ERROR	Non-authentication error in _fetchTokenForUser: Error: UNKNOWN_ERROR(resource://gre/modules/FxAccounts.sys.mjs:1455:18) JS Stack trace: _error@FxAccounts.sys.mjs:1455:18
_errorToErrorClass@FxAccounts.sys.mjs:1438:17
getOAuthToken@FxAccounts.sys.mjs:505:28
1784314427538	Sync.ErrorHandler	ERROR	Sync encountered a login error
1784314427541	FirefoxAccounts	ERROR	error GETing /account/attached_clients: {"error":{},"errorString":"[Exception... \"NS_ERROR_UNKNOWN_HOST\"  nsresult: \"0x804b001e (NS_ERROR_UNKNOWN_HOST)\"  location: \"JS frame :: resource://services-common/rest.sys.mjs :: onStopRequest :: line 478\"  data: no]","message":null,"code":null,"errno":null}
1784314427541	FirefoxAccounts	ERROR	Could not update attached clients list : {"error":{},"errorString":"[Exception... \"NS_ERROR_UNKNOWN_HOST\"  nsresult: \"0x804b001e (NS_ERROR_UNKNOWN_HOST)\"  location: \"JS frame :: resource://services-common/rest.sys.mjs :: onStopRequest :: line 478\"  data: no]","message":null,"code":null,"errno":null}
1784314427542	FirefoxAccounts	ERROR	error GETing /account/devices?filterIdleDevicesTimestamp=1782500027539: {"error":{},"errorString":"[Exception... \"NS_ERROR_UNKNOWN_HOST\"  nsresult: \"0x804b001e (NS_ERROR_UNKNOWN_HOST)\"  location: \"JS frame :: resource://services-common/rest.sys.mjs :: onStopRequest :: line 478\"  data: no]","message":null,"code":null,"errno":null}
1784314427542	Sync.Browser	ERROR	Refreshing device list failed.: {"error":{},"errorString":"[Exception... \"NS_ERROR_UNKNOWN_HOST\"  nsresult: \"0x804b001e (NS_ERROR_UNKNOWN_HOST)\"  location: \"JS frame :: resource://services-common/rest.sys.mjs :: onStopRequest :: line 478\"  data: no]","message":null,"code":null,"errno":null}
1784314427542	Sync.Browser	ERROR	Refreshing device list failed.: {"error":{},"errorString":"[Exception... \"NS_ERROR_UNKNOWN_HOST\"  nsresult: \"0x804b001e (NS_ERROR_UNKNOWN_HOST)\"  location: \"JS frame :: resource://services-common/rest.sys.mjs :: onStopRequest :: line 478\"  data: no]","message":null,"code":null,"errno":null}
1784314427542	FirefoxAccounts	ERROR	error GETing /account/attached_clients: {"error":{},"errorString":"[Exception... \"NS_ERROR_UNKNOWN_HOST\"  nsresult: \"0x804b001e (NS_ERROR_UNKNOWN_HOST)\"  location: \"JS frame :: resource://services-common/rest.sys.mjs :: onStopRequest :: line 478\"  data: no]","message":null,"code":null,"errno":null}
1784314427542	FirefoxAccounts	ERROR	Could not update attached clients list : {"error":{},"errorString":"[Exception... \"NS_ERROR_UNKNOWN_HOST\"  nsresult: \"0x804b001e (NS_ERROR_UNKNOWN_HOST)\"  location: \"JS frame :: resource://services-common/rest.sys.mjs :: onStopRequest :: line 478\"  data: no]","message":null,"code":null,"errno":null}
1784314427564	FirefoxAccounts	ERROR	error GETing /account/attached_clients: {"error":{},"errorString":"[Exception... \"NS_ERROR_UNKNOWN_HOST\"  nsresult: \"0x804b001e (NS_ERROR_UNKNOWN_HOST)\"  location: \"JS frame :: resource://services-common/rest.sys.mjs :: onStopRequest :: line 478\"  data: no]","message":null,"code":null,"errno":null}
1784314427564	FirefoxAccounts	ERROR	Could not update attached clients list : {"error":{},"errorString":"[Exception... \"NS_ERROR_UNKNOWN_HOST\"  nsresult: \"0x804b001e (NS_ERROR_UNKNOWN_HOST)\"  location: \"JS frame :: resource://services-common/rest.sys.mjs :: onStopRequest :: line 478\"  data: no]","message":null,"code":null,"errno":null}
1784314427565	FirefoxAccounts	ERROR	error GETing /account/devices?filterIdleDevicesTimestamp=1782500027563: {"error":{},"errorString":"[Exception... \"NS_ERROR_UNKNOWN_HOST\"  nsresult: \"0x804b001e (NS_ERROR_UNKNOWN_HOST)\"  location: \"JS frame :: resource://services-common/rest.sys.mjs :: onStopRequest :: line 478\"  data: no]","message":null,"code":null,"errno":null}
1784314427565	Sync.Browser	ERROR	Refreshing device list failed.: {"error":{},"errorString":"[Exception... \"NS_ERROR_UNKNOWN_HOST\"  nsresult: \"0x804b001e (NS_ERROR_UNKNOWN_HOST)\"  location: \"JS frame :: resource://services-common/rest.sys.mjs :: onStopRequest :: line 478\"  data: no]","message":null,"code":null,"errno":null}
console.error: "Sync encountered an error - see about:sync-log for the log file."
1784314427778	FirefoxAccounts	ERROR	error GETing /account/attached_clients: {"error":{},"errorString":"[Exception... \"NS_ERROR_UNKNOWN_HOST\"  nsresult: \"0x804b001e (NS_ERROR_UNKNOWN_HOST)\"  location: \"JS frame :: resource://services-common/rest.sys.mjs :: onStopRequest :: line 478\"  data: no]","message":null,"code":null,"errno":null}
1784314427778	FirefoxAccounts	ERROR	Could not update attached clients list : {"error":{},"errorString":"[Exception... \"NS_ERROR_UNKNOWN_HOST\"  nsresult: \"0x804b001e (NS_ERROR_UNKNOWN_HOST)\"  location: \"JS frame :: resource://services-common/rest.sys.mjs :: onStopRequest :: line 478\"  data: no]","message":null,"code":null,"errno":null}
1784314582623	webdriver::server	INFO	Shutting down
Exiting due to channel error.
Exiting due to channel error.
Exiting due to channel error.
Exiting due to channel error.
Exiting due to channel error.
